pH_Level,Temperature_C,Water_Muddiness,Dissolved_Oxygen,Bacteria_Risk,Heavy_Metal_Score
7.123620356542087,28.702658576772393,13.454431344927345,6.7089209594622865,0,15.275560100314177
8.852142919229749,35.838018947567164,12.725450554063992,7.576769780339606,0,16.985296780107696
8.195981825434215,42.45891671752817,45.359601735791315,3.7532752915474927,1,32.51497905841671
7.79597545259111,39.644497728191226,12.852536892550551,6.374118697248992,0,15.781438989384608
6.468055921327309,41.131222957229,13.961511443367234,6.002221882006241,0,14.742422827276389
6.467983561008608,38.175667334214346,38.090213989689204,7.829812637517898,0,26.80668726805493
6.174250836504599,38.84553129035705,22.76212220130173,8.342609423368824,0,18.790162104456382
8.598528437324806,41.983913031306386,38.94717256928147,2.0850974003417075,1,29.7918204094305
7.8033450352296265,29.993360177183717,3.7356247994370695,6.718139433411548,0,11.231826441994086
8.124217733388136,34.78849927286281,24.634774086832522,2.362850593838103,0,22.06644832348202
6.061753482887408,29.424188836392045,2.1638732090724906,5.8420106555414915,0,8.356040784001134
8.909729556485983,44.75336015993294,3.601333571040049,4.013429103305747,1,12.492342253303203
8.497327922401265,43.88118679373227,45.36865394054834,4.147436196654988,1,32.88112047715569
6.637017332034828,25.788536227370116,7.39264587032096,4.470709524166496,0,11.660743733602274
6.545474901621302,39.11150345031377,26.854823772623245,6.349047143347271,0,21.281981768257182
6.550213529560302,43.50496634831332,20.849232328734974,4.3383497596813845,1,18.28487239983985
6.912726728878614,28.611506902546672,17.693494649812713,7.128893354131963,0,17.142019399560695
7.574269294896713,36.35890461105259,45.04175061151999,4.831691699017088,0,31.60999845963605
7.295835055926347,43.30976595176084,1.5802581403867304,2.4784724021697104,1,9.545131137304981
6.873687420594126,25.678919571715976,33.35758946569166,7.486318897388751,0,24.927219637558782
7.835558684167138,38.9484053449368,48.188024493570744,4.000308272148942,1,33.49668266778593
6.418481581956126,30.946980147451015,28.228325081361177,5.029368157194838,0,21.81634043902794
6.876433945605655,43.48792390753061,46.87271187063804,6.798107182553311,0,31.688076670045806
7.099085529881075,44.42116490330736,3.0867650246581766,4.327193100040985,1,10.062285148186378
7.368209952651108,43.88532978226868,21.230269294170988,2.3960995930270093,1,19.456986590266823
8.35552788417904,34.484284333149276,13.377810652621532,4.617447329089695,0,16.715538787325613
6.599021346475079,42.24085301978627,36.675637766546124,8.611140078860124,0,26.256644499043155
7.542703315240835,41.8909879707014,49.07420597961371,6.492140781089907,0,33.588346968095856
7.777243706586127,31.382009464865114,13.198238090990266,6.700354040670448,0,15.931811493398484
6.1393512381599935,41.57830948301355,32.881642772966686,6.425975075463479,0,23.808042872275337
7.822634555704315,25.740152694309852,10.305832821607137,3.3929449727160574,0,14.540077877648747
6.511572371061875,36.92539756964106,28.48384760129469,4.928337048715961,0,22.055810645921596
6.195154778955839,29.600176745754062,23.464658091072643,7.256578588543228,0,19.16651478028333
8.84665661176,27.411337715545578,48.61426381676109,2.709610282872114,0,34.92311984249255
8.896896099223678,26.539064032584182,30.622099998475093,3.944969432627986,0,25.98732531830596
8.425192044349384,38.9257755175628,17.80056541829753,3.9342337592609753,1,19.010513162368028
6.913841307520112,31.797499275361325,6.1477413519527015,5.024132493161542,0,11.370480245000486
6.293016342019151,39.49533543057523,7.986718022379261,8.862581186595296,0,11.54497862161261
8.05269907953647,26.307126815978847,11.653188032586137,2.4725178267867536,0,15.489832911736832
7.320457481218804,31.305806756612206,12.92284973634475,5.630906960664165,0,15.24597384563494
6.366114704534336,35.78982584750675,42.60549486313632,3.2555527740854733,1,28.942085077009363
7.48553073033381,40.81446329677927,28.280528019984985,8.794735817868208,0,23.12290088639306
6.103165563345655,31.3750500586414,26.407850113031138,2.793124533092249,0,20.527723732530355
8.727961206236346,37.517827528740185,6.181059157526265,4.825207016531139,0,13.564083026246749
6.776339944800051,42.71955496472374,43.07691482079703,7.165194893842243,0,29.670065344158573
7.987566853061946,37.31726376364609,36.279308008819946,6.931880996192117,0,27.72473422808431
6.935133228268233,29.659189495072674,3.8495839140500783,4.9591004582575255,0,10.24695183094692
7.560204063533432,25.48801563113076,35.53783731287355,4.425669175669028,0,26.841163532676894
7.6401308380298385,42.401977478018594,27.40514175846098,4.783286649870094,0,22.870727884866298
6.5545633665765815,25.425388217007743,4.545404614465523,3.8499338421104747,0,10.138178347124658
8.908753883293675,42.49403345368399,23.185881755668493,3.4373305709475988,1,22.283445537786655
8.325398470083343,35.57874268054424,24.492466212937327,5.381277882912229,0,22.236711270568676
8.818496824692566,43.781353970257925,8.70583973808215,3.8797362924732512,1,14.935116058672154
8.684482051282947,40.97566471547331,47.31205827651397,4.01223165428075,1,34.07740759979652
7.7936999364332555,44.95868221066675,42.57378088829277,6.5972924443219,0,30.63933036786629
8.765622705069351,32.0142363090342,33.61660569779086,8.779761321899246,0,27.327050094978652
6.265477506155759,40.34376577862254,23.383630269530055,6.225460403915625,0,19.21038814215194
6.5879485872574355,33.03861827218484,20.88239430843317,2.538856269454764,0,18.346735458925508
6.135681866731614,34.59751240607818,32.72318662397223,2.5290852969784687,0,23.724411552064055
6.975990992289793,37.5501092643674,27.49887753564182,8.659962545918962,0,22.12062795856866
7.166031869068446,42.47354228372677,3.582518741153338,4.081035532151335,1,10.390497613458805
6.814047095321688,44.681669383985906,25.86888111413142,2.6444689025773283,1,21.111297071451734
8.486212527455788,40.36546827729036,40.41697905302556,6.193312110052671,0,30.391944559459724
7.070259980080768,33.35533564334668,23.232373941049424,6.365541448031863,0,20.100498946621634
6.8428035290621425,33.42714004554141,3.0718505889362864,6.539533740830817,0,9.747289529342714
7.628088249474745,39.75164603177783,39.42077086950964,3.871814195002789,1,28.864091334124513
6.422772674924288,29.775542915366046,10.467507215730732,2.105774789501325,0,12.941080817774512
8.406590942262119,27.209482262627894,13.301731326957919,8.755107586181303,0,16.7387747941935
6.223651931039313,32.092443152815534,8.652964494898647,3.7562513198377174,0,11.794864564696498
8.960660809801553,30.744779833081637,16.845645711139127,6.732184016367833,0,19.175615827331427
8.316734307889973,30.9261624091198,37.95919953158744,6.946409089150967,0,28.959680935261687
6.596147044602517,29.672155020998197,26.209600045444898,6.2700519195563995,0,21.020176476245467
6.016566351370807,25.84186379272724,10.641623070460271,4.190351759495537,0,12.540691156875104
8.446384285364502,25.357478694668277,43.95258886852602,3.8976737763484604,0,32.11195557670041
8.120572031542851,44.75444779472063,44.0393018201007,6.183677978918922,0,31.76433734790177
8.187021504122962,33.55546267471725,43.59363203977734,8.06266943528184,0,31.621241824836225
8.313811040057837,32.68653294319363,12.320412463386194,8.62713610246377,0,16.136779479762502
6.222133955202271,38.5929456538614,22.83634753695891,2.7413406308263033,1,18.884734514722183
7.075397185632818,29.365077757301282,49.256987978973314,3.083800288184039,0,33.11897061224604
6.347607178575389,43.99922367900451,38.71461757734453,8.613153811481558,0,26.974437402962728
8.58931027762678,40.72690028831104,1.844787350665211,7.155746598343548,0,11.22956600848474
7.869894380482673,26.78822004624519,3.7276272673943565,8.180956773808411,0,11.307686890276386
6.992694074557948,33.35161551569857,23.464603152210472,3.418428438947402,0,20.12353446557477
6.190675050858071,42.58236615124329,45.506400190147225,6.113101097765813,0,30.182010156103296
6.932946965146987,43.8946404458282,27.165738998659354,6.907977160922315,0,21.90240585750606
6.975549966080241,34.348030224997395,25.141719147697366,6.7607831981288085,0,20.94151953314497
8.188818535014192,37.268227784214154,5.720948147853214,4.857061836066887,0,12.687056315943638
7.912672414065639,28.340678921841505,33.01061518385256,2.1077642418391593,0,26.000514488805045
8.661638227728979,44.82337252273953,41.194106449711164,6.080482397629842,0,30.99101909813036
7.416644775485848,29.63343402766887,19.330790371624335,3.7717107742572615,0,18.565368916395187
6.358782737814905,43.85463548270251,38.89278662080371,5.1517797230002325,0,27.07693259577974
8.139734361668985,37.99293297984737,48.241594368090176,8.703067105586722,0,33.88847841804787
8.282355145850692,37.15473589757718,10.58643972682061,4.793247223497043,0,15.232046038431136
7.683831592708488,35.25377022033017,26.404816744139694,7.878611246650987,0,22.423006283320035
8.312901539863683,29.61339623435517,14.71332892518649,3.3197842402447577,0,17.332146310429664
7.481386789093172,28.530560640110167,39.74629374217505,6.707223486175202,0,28.85081101799933
7.568198488145982,29.409724181403508,29.090871611117297,8.839048681072605,0,23.627273991333826
7.282623055075649,28.72876524288509,31.911829668740037,2.7132517061105577,0,24.695062500460796
6.076257380232286,40.591689471335066,39.996750900986754,2.058239595590344,1,27.28988430677212
6.323674280979914,32.002505183334605,20.100538396791517,5.035079548428301,0,17.638678335571655
6.094287557060203,26.156853531267927,45.79695838614864,2.6483783813595703,0,30.21162426154656
7.909231233791341,44.38205260281623,26.884928928683927,7.238690447733619,0,22.933541944891573
6.94306794322898,42.67571769926852,8.318763730349726,8.401840646939913,0,12.49106339704964
7.525712073494108,43.55504566390426,34.947006349355725,5.0381468089613115,0,26.50435766287079
8.722699421778279,44.8981564529287,39.766436846693594,3.810981495088087,1,30.35045772948073
6.747876687446625,28.477904984389745,16.17970301484257,5.040823233046268,0,16.187303532357234
7.231148769106889,32.924840378053176,42.93037322143827,7.064134724950007,0,30.142565133647402
8.266653415629147,40.164769514081826,45.354091110905436,2.0633791310625966,1,32.597029654207695
6.686394496474867,38.92041236107585,14.206772125201542,6.12617792639288,0,15.127059458370612
6.230939729486379,28.0779181267971,49.184312899403494,6.293041794211653,0,32.0692841250854
6.869254358741304,41.31666249981235,7.465220638413542,6.4638177282715485,0,11.975715549696336
6.483663861762013,29.488811436733215,10.499775585923253,3.6941545598661403,0,13.03028442707604
8.78909295702772,29.47635229645246,9.619129542282293,6.998369063646887,0,15.356476319574409
8.42436113869325,35.73948845786827,44.752490645389585,2.639740404322435,1,32.485478689126694
7.900211269531271,36.858798696834064,32.887481340085614,3.3948923552676056,1,25.923994193480333
8.614381770563153,36.60172415675622,8.029162019502508,8.142290326581374,0,14.351839134427037
8.411016230697344,26.829736747955096,22.296009209233276,7.171062055085964,0,21.241224081453453
6.559710176658108,42.549217252607605,30.9572522409552,2.0962188780794166,1,23.35027833246733
8.677676995469934,30.312000851774123,4.631472206974473,3.7386338225886013,0,12.728948498051157
7.618026725746953,27.590298425656083,44.17961023616326,3.500845380952152,0,31.231437188977974
8.422320465492188,42.774961597379544,40.27837500435599,3.895644296258808,1,30.245972060768622
8.68827389977048,44.11302996459507,25.50773529204359,3.732918391959205,1,23.17979632574637
6.954010424915592,42.24255234530901,48.37276745532893,2.43768407019992,1,32.53119623756318
6.33015577358303,41.19032149449756,21.179168474117436,5.212583616177742,0,18.185771165358354
6.6838054876258255,38.10483961278044,49.21346079230664,7.1291343235031555,0,32.62729698130431
7.2813233658787695,36.01714741218279,33.56203994077954,6.247122073022055,0,25.518608009444293
8.45404429776748,26.739735198228203,31.9162280260701,6.7101016801865585,0,26.102967170356024
8.58219174976903,33.16906426141397,8.714767317141357,2.568044249753674,0,14.656013758293515
6.020856391593572,32.45377034024628,44.15542403607988,8.66043497123751,0,29.302739687952226
7.532241907732697,30.195075675206525,21.66073955207045,7.8694428369011735,0,19.86906006531446
7.252233009446337,39.4684022737717,8.530553586232728,7.635632229469639,0,12.967956404451968
6.666323431412191,34.91751470157541,1.1240722388000726,7.760886635292373,0,8.561624237094664
6.359596102001048,26.62092431815296,28.20790634009994,8.52897355692933,0,21.735468492451226
7.012845514210884,29.403664038996226,26.606281295072478,5.809777762795884,0,21.7185552645893
8.828729111737557,38.66517527319192,36.10800430727335,3.401974125073381,1,28.648477087721744
6.969608796062266,26.522617189806002,44.5677736243812,6.317485254967788,0,30.647417367465323
7.556371865230098,42.02413828097538,4.4306259398299614,7.200170455675573,0,11.282959208191098
8.109056876685534,34.902930540279485,36.709076271847934,7.165421753478178,0,28.085406387946605
7.0908888071378815,34.61173154653296,9.77689123283032,5.65014316916816,0,13.397512184980616
8.915346248162882,36.84815569319035,42.979764131279616,2.4792110353350463,1,32.18829756343526
8.887341884826334,41.49361931850298,41.04364393615198,4.597790569010895,0,31.18663222986759
6.755346887476092,31.95618415804386,27.269290871784445,8.445366259243501,0,21.741061700863533
7.491745517677156,38.56032305118127,35.65701853185392,6.091142368301982,0,26.818603887139545
6.902634929450309,36.31463927991582,16.060330602595545,5.7683236027899945,0,16.313327216638143
6.854521483132403,30.340565403388425,23.822810997174326,3.8819746006753544,0,20.136831278346044
6.110660842063599,42.57259972710316,41.17102643666835,4.579142439416053,0,27.918306228810494
7.8286930019396905,40.948520432138565,23.233627260074087,8.267422624072186,0,21.011245232364672
7.508037069686584,38.16903669316851,18.211014133609368,6.66524133268785,0,18.115151550428585
6.154436253749968,42.011634581884834,24.963516138889844,7.51170918726633,0,19.867081573944883
6.835939392709834,42.34588401919605,41.49833799564231,5.1804179614735855,0,28.952296269072953
8.72479765789996,39.1672595343007,17.0927983448582,6.411730536193105,0,19.016156361909054
6.718685672000917,41.74026656727344,9.101198860219318,3.738685261202453,1,12.613022236510758
6.434684616273669,38.94942923338567,35.74469400637365,6.938225811984404,0,25.593968542715228
7.468358280832689,38.60281543520601,41.38592152905005,4.993209335923361,0,29.65499070152425
8.956951362331802,37.372227564303685,5.4815551869149,5.097818603703219,0,13.489119228255612
6.726165814534501,40.054332791152824,12.373768581419263,6.545256272038172,0,14.258283268151033
8.016406642217635,28.172102105861473,7.5276134931691985,8.553964350282486,0,13.383494717245762
8.284858845986154,42.617415183978565,17.72309987331725,2.4480444262603465,1,18.80338055184201
6.712912631977199,42.436870554904644,22.792373455817927,7.773202661429053,0,19.4516818862816
8.18464904583558,25.584945660691183,37.56690367968367,4.046681772885352,0,28.60503069484453
7.10334939815776,41.516335011295254,32.73180545164287,5.107436181544645,0,24.889922003610746
7.896917491780739,27.577397349468903,31.235964090182343,2.1533933014250626,0,25.09428303522806
7.9005891322826844,31.70237708518284,17.942559857177894,4.107322544840191,0,18.451986887328168
7.607324052224275,39.87016512583216,42.151653877695615,5.518418698410914,0,30.204615801516937
6.270869310163225,28.215197920966165,23.828714786209147,2.393232541432073,0,19.439400565300446
8.505907486767715,41.35934048238124,48.96569443175015,5.437670105682156,0,34.68993619999633
6.962340194915208,41.64268355915484,31.890035845638973,8.48977440200899,0,24.299826156717735
6.559555531199563,35.14935467521673,6.750104707442885,2.7377525267546368,1,11.246518991160919
6.122325424664291,25.12771743433667,33.970789322733985,7.35108509652853,0,24.33218517096414
7.772678829564725,30.740762663498256,16.5926487638691,4.867697373631948,0,17.62353897741222
8.032693085526848,37.33853836751484,34.47319623596182,6.586216001670366,0,26.875829820613127
6.049763486783569,44.62372356054847,3.947236834039084,3.8216561858966056,1,9.233334601159823
7.536279174897842,37.63627054033337,9.15663114020999,3.116445837789508,1,13.621850579982407
6.679487325593814,30.196071621283195,42.858994315836426,3.123238299898585,0,29.44488194863079
7.9355183712283495,37.68011406199223,11.745388072663987,2.4934436195020124,1,15.395316081806012
6.523099287014975,35.79970759431711,41.933535699525535,3.2995269343087013,1,28.794486994180737
8.072813214307399,40.596907903022874,14.324166378493317,6.649535694922778,0,16.849459046415536
7.160206038901612,27.139612776539167,32.322654547906026,8.171834282904555,0,24.75357452063495
8.810189966210203,40.22055805004056,34.86045338873664,7.698879799138133,0,28.002454653820564
6.412562832437979,35.825331573522206,25.87641028068012,6.795940169121389,0,20.633280539265634
7.023199053150775,44.25984007717989,15.612878496488198,2.7730230438777186,1,16.23427811202503
6.340420563721767,31.837443320773723,11.025896630369258,4.024312124071649,0,13.121452991650749
8.774080854835688,37.652437862678966,2.142873050840098,4.168648127257283,1,11.600333551222874
8.632018060142943,43.64056211020035,15.545346861415828,3.7496986247833486,1,18.131095102879446
6.773824883145467,27.050194559813583,32.83155813129851,5.605039617968062,0,24.544368925423814
7.979952138102537,43.74456974472902,46.94608851319989,5.748876704157708,0,33.04898682232299
8.451666600603648,38.757714446016266,43.62462187202107,4.498201826197771,1,31.954310856734914
7.665602434798387,26.356741182103438,38.42020643849748,4.476524111155053,0,28.408826141006806
7.58895173506802,31.019271338936324,39.528143491038286,7.799889185342569,0,28.870813827600767
6.725556872701355,39.16344177290563,33.416752722061766,7.5250499382377996,0,24.779044608272507
6.2793083034176975,26.347012029375435,13.38419944951715,4.154570821765219,0,14.227269688859812
8.69164727385998,36.643409203525465,45.406154019938576,8.396519107112816,0,33.13305373860126
8.701254171489992,31.917661139059135,33.70124943933879,8.669705119017543,0,27.292129725457386
7.899304371819804,37.41831035534954,28.241811233531777,4.287197794210286,1,23.600070862949654
7.017089373146102,25.914840676250257,5.993978726067313,4.480974641551384,0,11.417496610808978
7.047628723837983,42.430736123047524,22.62924941841806,5.539439073953712,0,19.771779177814608
8.177867036610717,44.46977938354794,23.28773442449535,8.587845687735715,0,21.457307656180536
8.691330779857731,44.377557105713834,43.295898671372164,8.134236031996181,0,32.07754627151536
8.661259272795352,39.9930366348585,27.55908689929553,2.7179757380851286,1,24.173054577002187
8.339626637572872,27.60172480261264,19.329827174035277,4.7491152028999135,0,19.672465552105084
7.926094938462864,40.16526391858045,48.851616261277634,5.873598328248403,0,33.93712205679425
6.252419894985146,25.49173832917603,5.980669369652626,5.52192730786078,0,10.493238558808489
6.484886142283841,25.442471030579945,21.41614720144126,3.3570414755582485,0,18.48993697146124
8.695662565581237,31.472204382990824,2.5802214209845618,8.011717398177083,0,11.724905789189766
7.81928717897877,34.77286380809332,37.125253977963055,6.738585480977862,0,27.94577160375605
6.027591154849889,40.40814835615586,45.944789333857955,7.865358623962625,0,30.205504052748843
6.304414628598097,38.665907532130106,14.361847812749227,8.011349955446306,0,14.746221460692329
7.990505307324168,33.918054127534965,42.987913001556485,7.238490975660178,0,31.082562869567244
6.015184751538656,30.472533325633318,14.964802407863939,5.074474208748022,0,14.700622905778356
6.482424154252496,44.94249000315422,45.58312300137381,6.273827285107972,0,30.570470485789897
7.646201368099758,33.52362604471946,37.821114228040805,3.122557842838202,0,28.085998755740114
8.07568559307808,34.02774048659351,40.34288545365121,6.715517922324354,0,29.8622654385193
7.955883778507801,28.272476423833382,1.3913245022224978,3.2547727901749655,0,10.24272278532061
6.67280792838168,40.89619097499859,48.15911267516429,6.857647133571097,0,32.08692585164016
8.136537664042608,38.87364451562977,36.470214107481,3.6071871252777807,1,27.99895225059163
6.7117472624904,29.41539225577521,15.585179221613599,2.82285910105154,0,15.846686325795279
6.976199094477803,26.647620912316853,41.55503591051292,3.156991431000702,0,29.148956868629824
8.239474215354072,38.60998604149426,14.435299321539032,2.013944946533492,1,17.1050187191944
7.948898697141644,38.0902242856227,43.701315058523335,7.031177324974712,0,31.38933596583164
8.547670231482535,30.465190539964187,6.072729325390882,7.126807343408654,0,13.293568940474481
7.972838676901031,44.0172712450082,35.33245588430939,5.604533449392816,0,27.23363435443593
7.704925810006415,28.021157835618006,27.26457459392306,3.1295396073876858,0,22.87819826896923
6.281024303484277,33.64669602085204,5.27845627467432,2.584880362574828,0,10.176457301518292
7.1031474091783,43.872318403351976,12.473744498812529,2.133902765061009,1,14.760649140420224
6.795607103045176,33.394546338522446,1.1139997957270822,3.1602372387565447,0,8.711728421517753
6.731968930137251,37.77051895328171,23.70401429049304,8.235988744882027,0,19.930369861411222
8.919031664257336,32.951887959255885,15.412630407620018,3.6907578919117725,0,18.409153200918812
7.179293174000281,30.4843040469734,30.118695472739063,4.4798992905205095,0,23.67449954516987
8.67613966553134,44.67955295919656,15.21327148157655,2.7374183913693324,1,18.01800333942588
7.893415877991789,33.18668012630086,15.345996019595741,3.556529133237192,0,17.145097063388015
8.384433910624946,42.881984073582686,37.28806333721437,5.634571995461435,0,28.705352361357118
7.507911279315577,29.599092117821723,2.883070380928496,6.254268781669568,0,10.451028725642939
7.730711653879077,29.262094080501665,45.19330226200337,3.7174661991634776,0,31.873505115656577
7.477553081456591,25.622681657690226,42.68706178236348,2.4041251145758205,0,30.316594588929647
6.585728963394134,38.0333365075177,33.556331819707125,4.737230083891791,0,24.681040665926524
8.167356345784516,32.370526874475225,29.864467720315524,3.639423596484339,0,24.73306147509918
6.842317087322567,42.28716499679274,44.66897365791279,3.5368774626086137,1,30.545267333743475
6.072947899294362,34.46419813383115,9.673843886671365,8.719039618994188,0,12.124459422488917
7.936416887721503,44.363868558294435,4.408973528446016,6.314103401480068,0,11.728187029488812
6.531332038221147,28.71051031406242,12.355753410522137,5.8981491022046715,0,14.015475151126445
8.821375753058742,42.37246335911222,39.831624795659415,4.910425724663254,0,30.5014633015002
8.861785731007762,40.53193705583483,2.2161782029609247,5.00261033401101,0,11.742231978689777
8.744593170661346,40.41843689288104,29.348938336632738,5.786335026866565,0,25.167980973109984
7.110476100766333,41.89566456233776,49.77415705146984,6.8750086492527505,0,33.41964984665452
6.046369849586602,40.22047981885998,42.8569566449582,6.915022673272806,0,28.684122141983025
8.784955687763176,37.52440643262831,26.311561607657676,3.2018573539381467,1,23.69772762914465
7.284552444951943,27.624897553647752,3.6502250096887963,5.5007892645363885,0,10.56657543878673
8.89996445713101,25.65052358982504,41.652988962092635,4.883706665238714,0,31.506451829603527
8.890859931267759,43.41695695631374,30.149436154771923,8.09368876388569,0,25.743749994907272
8.55902836640208,37.33300629041476,6.189183354448558,6.419932448528635,0,13.365425716906776
6.883346676208757,40.93074581952352,5.145935598756132,5.727528464911872,0,10.832983810828575
7.155293185805776,34.630447030251005,45.526527562111326,2.8077624952524216,0,31.349615604022596
8.553410014550572,27.346163779247888,33.62541301543488,6.2394652252638805,0,27.076798525178127
6.950766015468833,27.50371584405101,41.5496965661794,2.820427339761634,0,29.1157675016523
6.5084782400582775,38.71130574457943,44.00945556397223,4.360446028960265,1,29.81490167005605
7.670403787375051,33.60611789798925,28.80273142639195,2.999893753700323,0,23.605850258046036
8.808464322482344,29.010494534006735,26.113594411874544,6.844515529170582,0,23.626954392916083
8.08808939002492,34.831890934828735,21.806156810889014,3.4437647968530682,0,20.608785673474408
7.710183510268095,26.284178741502682,16.188856095660405,4.7430156123161815,0,17.346648260151916
6.291529481312305,36.639428038287974,22.012500062506234,8.26972344333145,0,18.556085408827883
7.845021680097509,30.379868088701954,38.80704295864274,3.430214683792792,0,28.81754749543838
8.97016155031279,40.951182012743764,30.29520983524901,5.554635447711454,0,25.911798777999856
6.420252045709572,31.207239178471475,44.67990285276488,4.934901628162153,0,30.044253881233928
7.55498895709121,34.10440298163603,22.44731071176979,2.126868287320108,0,20.289642104394346
8.632119215783867,25.232410798162014,30.550934146578324,7.54930679500969,0,25.634010132229804
8.222305853262613,26.448937755891176,31.74972387805344,2.483321344202198,0,25.741628962941856
8.091047222985804,32.8498711281337,29.789009534163114,5.319785146838675,0,24.60376143466452
8.107452251961327,34.59877669434247,35.28037176773306,5.92474806457265,0,27.36912858622012
7.0784734536592655,37.00041096238607,12.252956684552911,6.398985196302109,0,14.620646486667574
6.88077553279348,30.833251574186065,25.862006988516637,6.820421405155129,0,21.187934133610494
8.428083466435542,38.899637722530855,5.6591277390132095,3.772906684659006,1,12.943264029229255
8.430340184037542,42.202447943784094,19.53331071841822,2.0698514366091456,1,19.883063580054163
8.60121695574031,40.597019777867,24.63951989675259,7.064105636484384,0,22.641220295264667
8.739721657669413,25.792376506967145,32.785100847500885,5.74959619543305,0,26.880216412953736
7.534027196582813,34.61013894515658,47.551287103017074,7.8528239224507415,0,32.816476187407915
7.504548884061599,27.098603568363497,30.232227794143615,7.74971854030486,0,24.121572557945726
8.394885536900325,29.84090031725055,37.30789885073971,7.903283174515182,0,28.72781206965025
7.949891792333295,44.73325186534293,25.560169945012536,5.395662619856781,0,22.319955123306222
8.10590063177311,27.849910858030263,31.8881495531284,4.33539877085806,0,25.671155534691934
8.387378008308303,34.97776306902712,4.011144698621784,7.54090741813959,0,12.070425959280856
8.6700160254527,37.36311468636238,13.092383251671427,5.159058791204784,0,16.950210856378952
7.013985470554608,39.04929941088208,18.411728113654366,3.284095374824042,1,17.622646621492713
7.126748857919832,36.19297366973828,23.88842107282242,7.98481813693032,0,20.496309165915008
6.2819458195226066,25.195416948383674,2.759612902367995,8.17791913740643,0,8.918141434611124
7.734840422988522,31.529226164879837,7.431192828889225,5.264168292981191,0,12.997404922030839
6.107826821390226,35.35423286769423,14.202308235669635,2.529898091168512,1,14.430546303503089
7.396794054397381,26.757329982896668,48.590868199602006,4.714782629418519,0,33.17158696507786
7.62793390412273,32.01253862418361,16.901676851601014,7.624763616238224,0,17.604359110747783
6.859623756384853,25.664062175827333,24.361032376548085,8.3124181998236,0,20.412064695935868
7.772499781707032,26.571569943100414,10.20683678055045,3.4243091974831708,0,14.430418128323664
6.091500749817149,32.93846552403192,30.73361351825053,2.468815284176901,0,22.676607658905844
6.1120445662476435,27.654315080861206,14.393819168040729,8.141453171929872,0,14.531363063517535
8.467801681978974,36.35081696523116,10.746132632702125,4.725834572852127,0,15.534428334725831
7.080571924233789,38.78929938274531,26.070345108075962,5.792326749872943,0,21.53185886311853
6.381181537955654,41.01173398218165,0.7725370584408306,8.776460684355312,0,8.0436863747672
7.5667297801644136,29.0030048848962,0.8793696161366538,2.46595309539956,0,9.519760544265623
8.309980659295832,28.349651645181396,11.34390605054196,6.538226052164669,0,15.643929816425977
6.647463082490529,27.091356806688005,2.3177074437906464,2.5187379580240696,0,9.135809420883957
7.868671427457,37.72860499087273,5.847274829469223,4.628282499265502,0,12.36604312768301
6.2560423949813035,39.129514529738024,17.273602142268203,7.626701816354127,0,16.144051945111666
6.155045163505823,25.63172289651284,40.22799113920074,5.034305629289441,0,27.500049765807358
7.594063894704444,43.7242449248738,28.81640784678039,8.980276477320654,0,23.521080597035528
7.62190536483032,26.03942567302945,25.87705243484261,5.913414994626216,0,22.08481265521769
7.912289704494619,35.825926706021406,15.027696748802022,4.248135068451674,1,17.008596019794552
8.178274001167985,39.18121038901833,46.621809111924414,3.540779281333272,1,33.12483335736379
8.927556238387604,42.41938247492171,20.152244541240986,4.453643740003132,1,20.789189756685616
7.548901044903586,39.281738642648556,4.811091956390689,4.607732916316856,0,11.464227232079647
6.968869418823738,41.03456166139584,31.044792547831165,2.4809957440677266,1,23.88503957650407
8.38555858430611,31.78900385085612,6.135000477091769,4.587019395987412,0,13.130170539713216
6.812496753786222,41.29650227493025,17.58854556868376,5.249669638174574,0,16.969268888885345
7.316914262116908,26.6022969276935,25.61689096653154,7.059164265671632,0,21.58874259780606
6.235369144026798,42.89633312121055,43.7740149719162,6.597106393051256,0,29.369450458790258
6.076052230246373,35.951847523074726,24.930555726835873,6.96135958660408,0,19.756540539713583
8.887945244033775,41.345955399249874,35.26180891856738,2.0585457731379995,1,28.29643875212422
8.507940361536617,34.046365690366,49.64443353045398,3.523671797063752,0,35.03174519907093
8.087922618281095,37.8715539039305,7.00871143495009,6.631790018798996,0,13.209862859412357
7.22685883324281,35.52805321872226,14.099210513216216,5.38792557725823,0,15.721835856499478
6.519882960212537,39.63179043510664,20.031515742083496,2.037194329678422,1,17.839617423296794
6.469311128013258,26.63259964061179,21.380494837672153,7.631462497022756,0,18.453420772451985
6.750728694493786,26.207041679811276,20.845543225644516,7.409667013032362,0,18.5236460462148
7.647679994118361,29.94206468020293,45.42674462654947,5.8389341409549385,0,31.89058830621677
8.143787768100188,28.190893602263767,35.84461590110939,2.4652432804339046,0,27.69485327227492
7.980592130153194,42.435671331844034,30.591308097489836,7.365605346728093,0,24.872364604928748
6.839801690837828,29.384279747160885,15.813949534207714,6.085995114119548,0,16.114736796109252
8.864595841989583,44.51730511638263,41.277624018954086,7.473719840105714,0,31.276327019864542
8.213690750087306,31.737915835422136,47.775495318506955,7.2622289467708825,0,33.744176559358245
7.663062157534203,28.642358313773986,41.14931498623621,7.62101450370486,0,29.77033208215915
7.835162238703057,40.79397014284958,0.5774727069779088,5.626056464832374,0,9.690931039932622
7.25880018728337,38.17415551001752,32.001867824078644,2.982271627354605,1,24.711494136779365
6.743192968503473,34.96391432906278,3.031201381383986,6.698102313657821,0,9.60743225289616
7.0679180359537845,36.10727101875263,13.251557406519233,6.343316495363794,0,15.107280346404158
8.273538331393107,39.384035565445274,3.4464726672146986,7.19577231039361,0,11.651482331279079
6.043180465889268,29.569094826625975,30.387874920994694,3.1891670423551473,0,22.44575401956447
6.348217921520749,44.92667832113484,34.48620071788404,3.3648263993020247,1,24.860961864766917
6.138007926065258,44.49586324293566,6.167138084262303,8.2328666205353,0,10.44917855340946
6.12218640695691,38.006513726938735,19.500024710726485,7.249844589164495,0,17.096636043711534
8.56638175203302,28.990849018582903,23.08370719329933,8.357599420902261,0,21.82151169908929
8.11097357814007,38.60456484862583,18.76812457716537,7.311007248147445,0,19.11723058235077
7.422521487261975,26.443968179583518,6.490737524017056,6.180087141932113,0,12.152394546722899
6.293502481953005,25.61305004411612,21.237915614280034,6.578929159195115,0,18.17116078548362
7.474847625350497,30.153657770224275,37.6833133665167,8.22389546758007,0,27.811473833678946
7.420415312341698,34.25245913478633,4.014879394396146,6.051647281583584,0,10.91193807200811
6.519605609730045,42.36545010816761,4.468910697054221,6.426739270298712,0,10.057982080203164
7.301554947713919,39.543381395326165,18.061178945881217,3.095337012025204,1,17.792455410197313
7.19551420319212,39.85413042399962,47.11542272513679,5.317448540812719,0,32.192328406398936
7.847550294156649,33.50986668896151,33.59434601278424,7.014779783706693,0,26.214233359380103
7.905280952602931,31.91869985093926,34.094162855291955,3.896598888214558,0,26.533418570769495
6.135912029316134,32.42077525969205,18.415039546474315,3.4157792636717446,0,16.57061420841652
7.123837843879413,44.752991274721154,29.886209164822652,4.196787657570908,1,23.49170999506662
7.877579747142709,25.80218382824965,1.0014936093732971,3.690504395949834,0,9.9538425012579
7.509408775740264,42.34062992244897,31.986754297272338,3.5043884592547707,1,25.004667679524484
8.569469523564967,36.57350817144787,45.70770390502372,4.973955900076609,0,33.13721538078982
7.976080894856835,33.77230838379181,30.82238668306855,8.354869597184738,0,24.982490415362477
6.488803281244289,39.50515320830273,43.74808037658408,5.549417527171028,0,29.660604125785184
6.21170624220129,34.733378828494054,36.33666624557164,3.3154426657072613,0,25.622380613427367
7.927257834618947,42.468464761633214,6.467641611982668,2.5388016856661184,1,12.74653020753407
6.079533931624866,43.01403728022517,45.17143871064916,6.873093015965477,0,29.88116007327442
7.75732674382039,33.43441853746911,3.7889702956108566,4.6795913510547145,0,11.203277240389896
8.820690724274872,30.536555944701032,26.931389891114307,7.752816626097514,0,24.050523814686997
7.726422533627637,36.84700657186724,7.535787627776155,6.616575380485392,0,13.039600854241241
7.164509778619566,43.24726691233382,1.0794772311797511,7.573690153789579,0,9.137150349933355
7.9298646553270595,29.21324378011333,21.39069587631813,3.9036222759291412,0,20.21118552455154
7.37475867147455,37.45933167126965,15.104515028880733,6.846512457227407,0,16.401967920209827
7.636850367947805,37.63120440185041,24.557024442981348,3.8484338928560313,1,21.44273266302804
8.824394426329576,39.66226044830562,29.071394393360265,8.573479356152042,0,25.124970508275624
7.158307913402323,27.631353702545198,2.6650840792928943,6.454619970733621,0,9.922511535729235
8.883571691471744,39.31649929364177,6.5886631086254095,4.2715826012273945,1,13.954617584078797
8.716051925868191,43.18065041331282,28.152798624296054,3.8865830360459084,1,24.535661623189856
6.58737340436789,28.593662177404838,17.486783982046582,3.3364860955015043,0,16.64824007626476
6.208083902625496,29.750866498477553,36.594087633697676,6.862486712256095,0,25.746744499999433
6.30233400413228,44.42790188083279,32.788436605301015,3.531009290985491,1,23.957019107609245
6.054665476954649,28.619539054189794,42.35741596800039,6.167122861492423,0,28.444306556345772
6.283328882267785,42.08770186739159,34.77839492012665,3.8524451884775015,1,24.929192118784666
8.04902032024907,34.84555712896069,21.781588330812333,6.63378261355708,0,20.549618549705052
6.213565945380687,29.94462148806354,33.811847808524405,7.704578099783775,0,24.362203038719027
6.956926890881284,42.41499802545023,14.131368125643217,7.446176702012572,0,15.413996331879149
8.534625932908364,33.90610510005331,15.662518189521528,7.325959316515472,0,18.0728102142508
6.069815807207478,35.296347078593804,39.55476541607927,3.3140568398457644,1,27.06116167668861
8.443405447766807,32.18466738799531,22.597766061878318,2.618694628891631,0,21.43096956825933
6.8455643243202,36.859017028698545,40.01982685565845,6.892641799411699,0,28.224590617013465
6.354494482864968,28.270477451700454,41.20990749657978,4.578430496560459,0,28.230347127727853
8.090211496092452,32.821630733035214,42.94933571423355,5.026423584823431,0,31.182921652427716
7.886828540339652,44.38824644670575,45.87344417413976,2.2180436495537377,1,32.40091633547746
8.632416040581159,30.16266865402255,21.833768415408166,3.8170351449253443,0,21.275783456401474
8.205213131411657,38.13473329082584,16.283907506896373,2.2357348271212483,1,17.988209511142173
8.410442791154546,31.503801284493896,29.318837956408636,8.154300408208734,0,24.751950327589775
6.84610371771392,40.46946251373201,18.873034960162563,3.7037767825297134,1,17.651841941337985
6.532318631339169,27.617473214366996,30.25317125661153,5.901360187011056,0,22.965367985912767
8.251844254922574,44.39642090157089,35.42650020086932,2.272855244627913,1,27.61546320634175
8.420504217801792,34.07579082767278,34.57604841536077,6.667931739139607,0,27.392629269042537
8.97151542600202,29.72100926692928,19.040367907496005,4.2611914202786565,0,20.28600246495043
7.237853030734279,26.469934946600254,8.759579984088264,8.28543430870366,0,13.065213628925267
7.11605425737835,28.395158101750816,21.811202253879273,8.21682732253825,0,19.444866235793654
8.32923888222599,35.395478971120355,7.558410132054482,4.277034328532235,1,13.774291724698429
7.022410620759054,31.740063528625726,44.559803241598516,8.306726269833275,0,30.706794365710124
8.792271976810694,41.577667317652185,17.620934306523942,8.973103714491451,0,19.361193525434803
8.575238255529035,33.617750473236114,8.145757487554526,7.777909648867636,0,14.363164650412104
7.286982082125055,29.9742854517526,1.7596641153346684,7.914099434286603,0,9.6242105562174
8.252613203374493,37.3428997320806,32.46820812118097,3.7430611527636293,1,26.137239904639877
8.263628622254046,39.135544337708914,32.02666471400979,6.036916792004294,0,25.92968670370975
6.309371606507797,28.340838158018997,17.35990624577394,2.470791397771575,0,16.251199050696325
8.707658720038701,28.35238432576635,4.0497384979587245,2.664425557751688,0,12.474059713025802
7.515757117343572,25.73342853867086,20.776630297313986,8.992248284233035,0,19.407223689469276
8.479372398323225,39.72804030131281,15.905266005637982,4.286474745981376,1,18.12787988080686
6.960148803091835,38.2760905524361,34.01747166688296,7.237287384341925,0,25.36091439715168
8.686569685488601,34.492617514996276,30.486072847908172,7.646655371187715,0,25.666920046540408
7.16760503620249,41.883408979383944,18.54738954577823,8.006162897050604,0,17.874820816332104
6.032512954440895,41.113403059001065,11.28568143562201,8.983398081815096,0,12.88185626314008
8.716145929257792,36.70708728793504,49.4077803247018,3.690475396798075,1,35.16326527746025
6.273860030358401,42.36542561026518,22.973080249207687,2.2824557880178977,1,19.015172161033924
6.957940912771244,29.116824200735365,34.569574671121735,4.878340625962101,0,25.634316430886358
8.850185901152415,27.23839238795456,7.457371895128858,2.9105646888026286,0,14.348909028947327
8.851821440812667,30.394992230339792,24.53669013314019,2.1569812241343858,0,22.890530795545295
7.720313664369858,26.141737121786296,1.8630676335385417,4.5229877899904025,0,10.1959102140131
7.895511636509398,35.62339056002064,25.52002833656727,7.486167757526655,0,22.23462813209491
7.345336565934959,43.73211384589923,48.21886165232627,5.963264838575496,0,32.92383470528509
6.879632315094193,25.786870813370193,19.518232292797112,4.189445924472478,0,18.01467492451159
6.985993636109748,27.442198280200536,2.4303026224581235,6.580394038449038,0,9.598343674560759
8.017555368231115,34.043980565668704,2.0323116505075047,3.624127262161675,0,10.63722226713109
8.25712358831304,43.6775003505581,19.705344617370038,2.100670122504595,1,19.761220614660665
8.374737131177547,31.32312209953501,8.421234354928105,7.350473705054991,0,14.260301734877107
8.368854428383662,35.14469617376785,1.6559287682452026,6.366201594048063,0,10.870589698182995
6.273618309146071,25.831457181007842,37.93257389053375,7.3361183715067195,0,26.494628916242164
7.483260914107745,27.966864019241775,23.19688893965359,2.2725661168136595,0,20.57835756675609
6.172676280049933,44.73260245917694,14.8176162126464,7.859837394814566,0,14.816019642383118
7.648586646971207,44.30237392872091,45.0541175593158,6.336683400254123,0,31.705362756023348
7.324591504120131,25.098799618688194,6.248878529926017,5.943767454988481,0,11.913949069907165
8.6631125482749,44.03623570846478,47.8179820332883,6.372298336801721,0,34.30472607457403
7.052745037656236,37.78239875631001,16.041352510178964,8.05103272807855,0,16.483970300276965
6.3512010492828175,42.35836589040044,44.47598177927972,6.108555545912349,0,29.85943214877924
6.428975046158508,34.094797112677185,30.345672385733348,6.066652659217255,0,22.887606248256883
8.284531895152416,35.311920571585006,41.42201430720363,8.93475409946036,0,30.652445427784713
7.854654189948783,34.7769316051384,49.20865157891798,7.297111169479976,0,34.02991081739753
6.303368028368371,38.337285150922085,14.776069172027913,5.096056638157947,0,14.952076220056
6.2523204183449925,27.793025095126257,48.07620652767585,6.951779000230494,0,31.540887765851917
8.102907394377361,25.59947179745356,19.779353797669806,4.72461330184252,0,19.613165772087736
6.21828901909258,31.158598831823817,19.582839284477654,3.602128237384493,0,17.253366465149924
8.465580177871068,39.09361525473294,17.349161660598032,6.177963138214316,0,18.833277043744296
8.11872668146949,29.037069042458967,27.299676563705468,8.49727468679766,0,23.39231029961612
6.244046341925699,38.468648666498346,8.130179637335111,8.503976640108238,0,11.557945428978394
6.2545131422555755,44.398240922145405,27.908718525221552,4.393336946738432,1,21.459775033317467
8.959918735503527,26.878014315788366,27.3143882142952,5.693742263551865,0,24.409096589751833
7.122812387268361,38.452042364502525,38.21413972394107,3.481451289989028,1,27.654444726692567
7.111926441200673,33.87500438609142,41.76567311591049,8.969417766492185,0,29.417148287396053
8.438398701772508,42.362845087550106,22.30184684046499,8.86782535507555,0,21.277001862359505
8.841745732151576,28.542995788947717,15.46549584289894,6.546562507952132,0,18.342842800031363
8.958003191468613,38.85251904452329,13.337077417196177,7.630898417742314,0,17.418142538360424
8.260134555776824,41.76230579296221,10.13387991689116,7.0057011289859,0,14.979101425377769
7.128778756592747,43.892284389480466,3.3535553188517317,6.152107533276277,0,10.231312167337162
6.250502150096006,38.66496056579292,17.45117495231831,2.373435978922284,1,16.226190056274362
8.33144074778231,34.94349528016855,13.87726076047377,5.183350397868628,0,16.936359277575654
7.675212749207415,37.35694480402428,48.33766060038717,6.723504115171874,0,33.37908559924248
7.272666027740929,42.37809968957436,28.106586899377174,6.742721297185793,0,22.7804926829777
8.719063155284207,36.41219493277659,17.690213432010125,4.611858328956686,0,19.30798250234611
6.333592446918454,25.607741193936736,29.23314624918795,8.591843906606215,0,22.21688406089612
7.477875312872578,43.61897391013956,7.390236716611928,3.171499225657467,1,12.668568733753057
6.034060934302257,38.790535020631225,22.480165585509045,5.502516123508924,0,18.48095591391723
7.405981925982379,38.53026771554493,31.49859891034266,6.8361878358557595,0,24.636477766350186
6.168909827045512,29.31350304795434,24.700442673726343,6.879950641242664,0,19.752913129317786
6.356453748804216,38.17770940465314,20.38805063238905,6.540472697381709,0,17.821769814759584
6.352578740331315,32.87728811308317,49.69549525053506,3.927017494163021,0,32.47084211366511
7.9476309063481905,38.024659540829845,44.07558072637189,3.093445980806354,1,31.574947450803773
8.23813463779627,27.131860606159815,31.358594928892284,6.451582287786976,0,25.565059029801667
7.750106295291479,38.15690609206072,28.684179378522998,6.1951148129760645,0,23.642217243611274
8.886517645423625,44.98827451541333,31.22269375131691,3.255492072024687,1,26.275168050166805
7.124611738571112,25.96424077721112,10.464949337210445,6.935974018993943,0,13.782008754890557
6.857136258845582,44.54348368442635,20.05931829158377,5.186203942135595,0,18.258222656406584
8.60579738456838,33.13815921445741,2.4532468780995162,6.674324141222071,0,11.553580300531813
6.670787515558358,42.415069006745185,24.03952885559792,7.8615695583910545,0,20.02470944646899
8.889667618321834,40.647709681165466,27.379716905904328,3.188099000038462,1,24.357459594938362
6.036463424069449,36.34032521973336,11.773611937108875,2.1340140759778565,1,13.130562077437776
8.909636480122916,39.76898418502653,48.21942793469293,7.453718104770507,0,34.80127774349396
6.129479735851728,42.57031122602696,45.51800324139348,6.2678819760683115,0,30.11437730371881
8.673429341094213,33.08280643302066,36.24609015506734,6.897476987354852,0,28.531160286846728
7.5831033272588995,31.540663231264773,26.90263812388545,7.867084824920498,0,22.551043054653405
8.9788943883579,38.351867711271694,43.563473402560405,7.6196765437715035,0,32.55640996730968
6.221389694206197,41.15691883882517,6.967291019261414,8.726441028501773,0,10.949313142678143
7.661562853203963,40.245702695532316,39.63023481660681,5.751545551964828,0,29.00899283214816
8.907907606857297,40.95627297717269,6.67863029135899,5.419469428619338,0,14.02880427390825
7.5692935325104465,33.711666296258656,39.81342779619557,4.8132103992351105,0,28.98986613711032
7.888195914405788,41.35668432350043,14.15049462844217,3.075837299909432,1,16.54108241150803
8.087246066953853,27.404181107412168,43.91598376040035,6.008250630174157,0,31.6626871605448
7.36362319430332,35.88978195921699,47.230083644357194,3.9390876702818516,1,32.45138965534258
7.88267424025219,25.115173209962432,7.865400485553224,8.449152585490829,0,13.39190933107924
7.752942935769301,31.491716598005404,23.402442450736977,6.082335629939683,0,21.00475274829165
8.703474031472966,32.32923069742796,49.058875219052915,6.149881263556771,0,34.97360644729402
6.136339141024374,32.92345383218511,24.428668080670757,4.48447262613907,0,19.577941009564626
6.842889568776691,38.90934413379725,43.24560236446998,2.3639254638439526,1,29.83426866476702
8.851234452229676,32.771162025406916,29.64221034550033,2.2222063576109203,0,25.442586515425774
8.670791351672749,33.973872452450614,19.07883044202029,4.963346009072382,0,19.944364843017446
7.366970258357139,29.75088261748655,14.646285998530574,2.591957646680665,0,16.163507309293852
7.86039779340461,32.4650358325868,10.55954300876132,6.2479286887809735,0,14.712248856466193
6.832143548943398,29.545392545263027,38.20901047319601,8.1668110394776,0,27.30307749533008
6.564363479171284,26.46391847536887,19.63375508773988,8.180403715631055,0,17.694113718875478
7.391095214819947,37.06897186762756,25.80813537893718,6.613317870925627,0,21.773381947252524
7.060056684078159,38.36425597110033,24.870111260058504,3.478622820310517,1,20.90712365092304
7.750968335552616,37.38980692019229,29.075311947039996,8.040977819512104,0,23.838817976183137
6.233203910894955,34.26988087601145,43.34606870841534,8.202654047192457,0,29.152879047281615
8.9231844229985,32.595715603584594,49.04659750737976,3.376575094670711,0,35.23112006128808
8.95863223343881,42.26667299143651,20.67541832440394,7.161982600394741,0,21.08806784232854
8.094485142059234,35.38163570272436,41.462186644262005,4.00563684248986,1,30.44447549260208
7.608289099032361,34.583637552594624,38.344125835408526,7.618482186470508,0,28.302009836543096
6.928582848858984,25.512841316128714,28.889683097050877,8.980665299325219,0,22.75914096715622
8.441385059120845,31.824956552523126,47.82433360879069,2.2101820373057497,0,34.04182887534036
8.054193517661638,32.603912375717144,10.423488518655939,8.281561060536523,0,14.876776480521933
6.487850818034674,32.97645561793801,5.9085784103262595,6.358413735190607,0,10.739710186804738
8.732781553481527,36.60344738454665,42.771117364293396,8.813678334153748,0,31.86489654632453
8.467611728769507,35.672050934537566,22.23791592337054,5.255066622684993,0,21.28009203620868
8.849399739875771,37.15810185586889,42.424958283249495,7.931715513999616,0,31.831758829475675
8.17715852516508,40.29766523084257,44.70796515717304,2.4367584801879407,1,32.166572808784615
7.840245587807369,41.25971477432187,3.591650884144036,4.34695335054807,1,11.204120147440861
7.254729108871857,39.36246152452989,44.231505767810006,2.46911576425847,1,30.821427814551228
8.79818545006204,44.110473919098695,22.6917932407864,8.827401934353494,0,21.903719160467645
8.598191668501226,25.364651653527233,25.766408205709496,7.718817350902857,0,23.201034105056216
6.135656010318568,28.915559713670923,31.516329299113906,7.967831948721793,0,23.120951861939233
6.079100923491756,25.151257499562842,46.35593903313929,8.56575662003726,0,30.472890624759753
7.129390100634149,37.94949428309206,1.4462466742733195,2.5957244028384974,1,9.278391457897637
8.431659992345498,42.96061097899974,24.103751681731946,4.699183147593334,0,22.16986783168057
8.961828387944834,29.869645931525987,34.54224110031275,2.497244223308015,0,28.025314615690178
6.451250673310584,43.54069089592613,36.27399440606231,3.4755517108502003,1,25.878498011003856
7.782392146056406,26.205347805791217,34.78035536108685,3.6055604392637064,0,26.729048255811108
7.142672569893064,43.68872053611028,7.154538905702032,5.283750477333051,0,12.148476536722693
8.90974319344381,32.03245374479269,15.32008162439822,3.879935172175498,0,18.351732644331683
8.526356769407126,27.02841656898433,18.256418508142165,2.7068467477243274,0,19.359837377359632
8.514986114133414,34.717435183726515,40.3196417801355,3.172437623658754,0,30.377804227027845
7.4060794793849105,30.13553135441016,14.298613684520374,3.0309289448646366,0,16.03660221752208
7.244458507012995,30.697458039238455,10.929895711426557,8.811537585386088,0,14.158298064128871
6.8202212157921185,31.14579929852573,47.89367694238576,7.315047548429315,0,32.131103930143425
6.169126489952781,41.06051795665327,0.9387326131167105,8.774330256886934,0,7.872318094501693
8.594167128765159,35.78322553350509,49.89213235625792,5.078183405555359,0,35.25906673264715
8.438703027390233,31.22615398312007,34.00265429344108,3.948579371638596,0,27.127770779588822
8.999153019858392,37.206675666218366,41.5092303227313,7.5880523804643065,0,31.553598785195717
8.989910511221716,39.32301348446387,15.083660119136562,4.283777426288028,1,18.32972267303434
7.666295116807882,30.452480014670677,1.208606244519469,4.095683615937438,0,9.803857262429194
8.30696224554153,33.27098203050703,37.024541168795736,3.6275419454548183,0,28.480625279047704
8.834297189647284,27.43772186673895,41.790157551533454,2.9077528475696477,0,31.49623540334347
8.548942172032234,28.622986990693605,37.1535685316992,3.795241427117362,0,28.83551487228828
6.742044305229593,38.622357079299654,7.57108922139151,4.487238239317214,1,11.875997776971266
7.35163240593028,28.62876695391254,37.79468215171997,6.717959457020113,0,27.719299962976322
6.387478245454485,35.5032676733412,38.561677714328226,2.437953895536161,1,26.945812751709497
8.862153081776167,39.18092523444865,33.097755525667715,3.4735485776574007,1,27.18346146096526
7.81852390335264,27.137538461894877,38.42273867338152,7.663165482041735,0,28.593598020713927
6.6859284165103885,36.34624439257807,42.37311126404774,3.0284534650863955,1,29.209669731836335
8.01510205321757,30.131255674027276,30.873403654754192,4.398516025657651,0,25.054824291238177
7.8543847213736875,44.2585375047516,4.885933341499113,8.05261245300698,0,11.86822833639798
7.074488154098521,34.670912934398494,24.63757657852694,3.0844771780040987,0,20.808174074181693
6.340672776598887,41.119850995503164,4.343642066244451,2.5791578493273293,1,9.78062836504089
8.014719586778398,36.00453084312524,20.673380036105325,5.391765965560076,0,19.95435352218674
7.56092310271138,25.868250657096382,20.651771211718568,4.116936578949755,0,19.39899332911294
8.316955175206918,37.66302751188044,3.767487284941958,5.943858551386979,0,11.86408985271928
7.560490503335981,44.028066844133136,17.766616431489226,7.626634233384326,0,17.95589681974779
8.55654450095562,37.03223640292663,5.994405890170085,2.9600394170692024,1,13.265056346231788
7.6557205163234565,41.3837771885358,40.5076428954565,6.064893591879995,0,29.4406860673164
7.682813914606159,42.68412926696816,47.4105572852413,5.5385613227290476,0,32.92465534014804
8.629960807975035,29.56159543897865,4.079665525267961,3.0085515020923967,0,12.395785732204022
7.210448598637191,29.240896798164535,47.77820276093922,6.367989398702877,0,32.54163969883424
6.402045685351922,37.21961977701984,26.367541667168886,3.9154829250254015,1,20.866225656006748
6.086348028940017,33.220569396134096,15.328501058716759,5.414840229808087,0,14.967868164086399
8.265411767020858,41.797226057334406,4.304672726170094,2.5759062699394333,1,12.070830483510075
7.860928654060394,43.00046246796022,25.280901269485682,5.217088400495362,0,22.073565019615312
8.11223930429767,32.06842758605436,39.828519452292056,4.145244276299742,0,29.648946891303233
6.638892484526732,29.73741117948964,35.500780624701555,7.75666847829748,0,25.717061293782855
6.4091144267603095,40.61051030487724,2.9861875674667013,2.398851088981578,1,9.184031095845722
6.043633997003646,30.49612071096272,4.1086408507112235,4.930250924428309,0,9.306681221759987
7.051762676419791,41.45228637027357,20.44222749031554,5.209019968920066,0,18.68322895686152
7.769753060563899,33.47476507297526,15.116879455373192,7.075042534093831,0,16.882143400363276
7.176732135299197,38.35099798582941,12.003023991274368,6.020013025631477,0,14.61359055799622
7.312424766071187,26.910706276693364,14.409722695981323,6.670486360359267,0,15.979771067276085
8.712476083481246,37.47718649353146,40.27239579319579,7.439344999562293,0,30.59116919677539
7.044766401069901,34.03535357474458,46.496788654776765,8.03542081560732,0,31.70211400867226
7.541968467479432,36.73216926350948,20.552583379114537,4.197128477057293,1,19.326653850532587
8.35095903822343,28.36028415489727,45.352494605558604,5.766158937547321,0,32.697398148647416
7.1896283469638105,39.73747489888364,16.414037211770157,7.880756549074399,0,16.83457262224165
7.86626010068362,42.25594155086457,24.083630824017686,8.926157916755395,0,21.481327532829187
8.587091126240235,29.334796001815512,11.688435391891986,8.226635177306342,0,16.148727047434274
8.848561870972926,26.914291110403234,32.20356408770428,4.600270838370637,0,26.720056289019652
6.441220442787114,25.47277172092673,48.95956520115304,3.366165620530553,0,32.20924713192106
8.779762875484483,37.83943000886532,30.372908254147244,5.425747761846122,0,25.722169577655002
7.476348879238614,37.141880721775614,18.21179716362067,7.191490162852296,0,18.07751723689667
6.774733164896875,35.933948254281404,32.56696357653115,5.447983495273084,0,24.413161586141825
7.377407268714784,29.63894192231951,6.584573584036685,5.3822660431956795,0,12.145175514476083
8.94009772585643,32.81811991811029,44.488624473137236,7.867612947572604,0,32.97242950759633
7.477854281978608,36.88952670372346,25.4026555636019,4.529826453470305,0,21.67475292017528
6.986254830862524,34.935337177183385,22.742812230962283,8.01856272368152,0,19.75491191251617
7.900202562950177,44.755710404297744,29.5003070284492,4.847633606662065,0,24.230396589764812
6.7204368563345795,27.72879505113466,31.42680120807542,4.297631739748375,0,23.777924831639204
6.227589984325991,38.902891080951875,4.052902408212395,5.177929378397893,0,9.499559185297386
6.386639165731948,33.086375362085846,34.28955245055842,7.3371287107240795,0,24.808743224157546
6.384137516873317,33.5639922985123,12.475618175618715,2.88201419504796,0,13.898774108057339
6.455708080536883,39.35195531316353,35.8406553090762,3.374934511104122,1,25.66717735118236
6.41648151794823,38.84872302648739,41.21547232201774,8.660113779641645,0,28.307513982546745
7.922624234409644,44.825119874043764,40.29594612384975,3.2284413916695014,1,29.65512214321645
6.545640253197434,27.567885789082503,27.848797886690512,5.974091225517382,0,21.779167247182176
7.03700184997159,27.082192987683328,26.248409669382184,6.055201266633565,0,21.568607054657
8.690365229718036,39.48677634257482,7.57236008630088,5.427371234351714,0,14.214618318812082
7.421884920788617,36.56773834012818,38.879634444955215,6.5132167400377305,0,28.34607912742395
8.002673215563082,30.48321333119612,13.934764332112362,3.608787080583329,0,16.570590024731878
6.5169596136048895,26.588387379779732,25.086423429488352,5.8686358744372376,0,20.363563251070044
6.576867056426012,26.71316499192861,14.571567599912077,4.605212786728281,0,15.178024267667254
6.122605848799436,42.883817493282365,7.12450396848481,6.6316708174043235,0,10.909379002801728
6.506805189216494,28.83734649437486,31.66310599614096,2.9885648036120465,0,23.63971922513027
6.835771017095876,31.467431242310415,3.1894357237337396,5.996141917876334,0,9.79764308238192
6.5310314528302404,29.533128044539758,37.5579390892469,3.296892487683266,0,26.616207288019737
6.266107601271167,32.09992611663875,16.220546365425275,3.9505014418052546,0,15.629602304238038
6.361907613301803,26.38847685492187,0.5066673037220233,3.530968602265083,0,7.887622787823175
7.382336304098177,35.38119581816541,25.800892392242876,3.2798644590817196,1,21.75924976103925
6.6190011552173775,26.3522512718443,2.8191694721163545,7.779976660924669,0,9.35238612231903
7.092809583144226,41.00713015644723,14.170393112134525,3.9999529736262325,1,15.596568055840333
7.5102518125645705,29.67424163820866,35.495336129057954,8.489866473051144,0,26.75997023960646
8.071184485888097,35.800238292090214,3.60313627028236,8.789485677416337,0,11.486989518206896
6.117936419523296,42.60158175122916,42.047255371622114,5.998823289559681,0,28.365151389239013
8.398231196727128,38.01754738094388,0.6890861715998639,3.001007858660085,1,10.422420521872485
7.883701168472723,35.65915573102671,12.71778152549416,4.621837703657069,0,15.819332164914348
6.245277095846616,31.486675062307512,37.174750779527535,7.584125843437498,0,26.081707904779705
8.620735872320331,31.660038261163958,16.155372411600688,4.5717351008794935,0,18.422569252584744
8.76261720159544,38.389739103963805,5.54367320926767,2.6091205281195213,1,13.286977246548362
6.183233879564591,44.88278722442335,18.33157898062118,5.897494376497315,0,16.5856701457881
6.830632944441611,38.236783796987574,13.884467676034014,7.915845960472243,0,15.13899337134694
8.418603839379184,36.1556683474005,42.21423915694747,7.571484710004516,0,31.209444185728756
8.244779071150976,39.61301020478492,16.010721920464583,3.2258619809124727,1,17.899095845613463
6.553563058069132,34.30411224567436,39.55215735291236,6.709352300887267,0,27.640354346139137
6.628047970010131,26.202846852015703,44.64767116813137,3.5435298440495298,0,30.27749314807784
7.111416308374146,36.2459363175582,21.97396226903821,3.5274527418652055,1,19.52068070456808
7.453568955573064,44.1525056901076,45.5421856207924,8.118502413136296,0,31.715375557083878
7.854764314590888,28.50605884715319,19.177243671178047,3.747682669181611,0,19.014339013098088
7.106740918709317,38.80009781641331,48.221881616260355,3.842731425626078,1,32.63902991058136
7.3876041483994435,29.018673773181128,4.91983146401586,2.004573735329097,0,11.325040710087261
8.24241281440127,35.71655368946163,34.50745369191051,8.094683238878623,0,27.14462222323678
6.110049608671794,26.93352899293439,24.943795002617968,7.548163692463943,0,19.803957031715136
6.757310833032062,34.0074187251637,19.68861587005453,6.391302545634746,0,17.953080934665742
8.140048757653657,40.12326657790492,31.819237998055744,7.2518603475718955,0,25.677677508212263
8.685620513061597,31.951430484779642,35.34092603589939,3.0643399719714424,0,28.093207633623614
7.5350323263469985,38.29823448974436,0.7159818476902998,5.208265162113028,0,9.400029715461548
7.596340455795946,40.90899921579458,8.764177892986337,4.458535711441466,1,13.497697493448303
6.321516034019329,43.54355638958906,35.79577950639877,2.656435683799115,1,25.48370899402258
7.3422371004703635,29.69284163710907,33.48607797212122,5.402913396504468,0,25.553723506625047
7.59785179936507,32.986318316186164,48.31935150386952,8.445177552398448,0,33.277097911172845
6.727411510904189,28.04832026660835,38.17137061741376,2.2804138333548614,0,27.158579121791906
6.8077296928481426,44.84967004316751,47.563249032701236,4.040226394456557,1,31.950900147768387
7.131852489313868,43.54001935848591,35.275754825972946,3.4527865534399242,1,26.196100400163115
6.060213593333179,35.799142605611195,15.253584327652437,3.6670265756598743,1,14.899048475826033
6.966237496749535,41.840665887528424,5.715563651417395,8.359041863155626,0,11.217266821808138
6.634344020989634,35.41915954544084,39.20028123557431,5.27648337964003,0,27.561353442974713
6.982492056533744,37.471713760055195,32.38538646305784,5.264095890578732,0,24.571683699369412
6.359286395457754,26.78248864232033,2.8852076134681632,7.324029497186976,0,9.073747481283386
8.671581842219684,40.10540840993616,18.32249806209843,3.0814454280344807,1,19.567147241712835
7.780777360662146,27.554269672704695,47.86159086647216,5.410857478700356,0,33.26772826603066
8.037306957433469,41.521352605050566,25.26985671265496,5.009896498847418,0,22.27969670524764
8.367513715822014,40.64056175340772,21.920092232975378,6.178374833826593,0,21.001062575474105
7.495326596787172,39.17489395485953,23.156130455385053,8.99690392275307,0,20.572457143837134
6.260760864262271,25.723207610495244,10.839694838255605,7.3861422585743295,0,12.932760456242526
7.611319625455643,31.06256711890657,18.751004957807364,4.78505992112199,0,18.50908602945045
7.760523354062638,30.262251398216858,18.805756171365243,7.792871365918328,0,18.715506110557786
8.23631842255299,32.202728149430385,3.091573499279884,3.1949585431873615,0,11.429368856703531
7.294978638689038,26.752854935276773,38.494597611636955,2.213245804162721,0,28.001273172245323
6.382740908386691,43.73915646062126,21.11696937924201,3.4311386072499115,1,18.217773779685036
6.851327717396173,36.076044814247524,41.197904397412955,4.382880892799818,1,28.820545459581886
7.0892468891959055,31.11048621316047,42.59222605543482,5.574065302216919,0,29.8032092947525
7.937751723994804,32.93963034148567,10.993705707583574,6.305903983788399,0,15.022154922585553
7.712334914006735,33.94405081009671,33.038997367421366,8.374240020500952,0,25.774300580518766
7.068290177693539,37.011886667212345,23.877949306067595,5.568978066853203,0,20.420922866266046
8.95954574637894,35.313588553929954,44.06775852711351,5.508929512380106,0,32.78533415921148
7.817324458070662,43.38783946428835,11.17916361923448,2.351701068760875,1,14.970371159302033
6.711680375207983,34.9392696581166,34.051753415347186,2.2443808685935664,0,25.079893157923173
6.305347417861212,44.84316029646625,30.583730051509768,5.858119733414604,0,22.858281927188337
6.458577417552996,42.028499154901915,15.117423139805723,5.067250292738412,0,15.309004470966457
6.737873185153524,29.170210287146716,7.261744730733044,7.87426276486209,0,11.71632018755075
6.482044119778667,43.61190429287832,32.75616814362519,3.1247570929829163,1,24.156537015546995
6.559701072153917,27.32732795770952,37.06057417755037,2.1748016348193473,0,26.401928375359887
6.855285506081541,41.34899416982383,16.123553516285824,5.143271375510881,0,16.288119365440764
6.520120785884265,32.612465869531604,32.419213899104534,3.6623498972658024,0,24.033751892613385
8.690296273879277,42.55948640890139,20.05897992676941,2.3473006133718624,1,20.457845492039837
6.240701236984926,42.361133802149006,35.80374072248958,7.072188007933403,0,25.3907118456267
7.573534168710764,41.11850800235243,10.36115610725563,2.781150999700732,1,14.26881905608073
7.231190480968984,40.80060872614123,44.56564263049063,6.258236500054402,0,30.960249892408093
8.947135850725818,31.093582781960816,14.726775025046196,3.9673482511682243,0,18.09995053339408
6.336116706504157,26.618385661025044,18.705406393929568,3.214472352485154,0,16.956043244769774
7.193566797137224,33.05960357530323,3.3755516279773143,4.658260660435222,0,10.320055970553327
8.908411299826106,28.470490299730173,6.0198545099031815,7.610120433560676,0,13.700020814742917
8.596521377681942,38.89902177804923,26.035164184260243,4.744655038332009,0,23.333407745348453
8.45121621284784,31.92199453075571,13.74583749803459,7.25538754447739,0,17.0143782044347
6.773708481134819,44.5122040171983,41.85627117423862,2.878404077594055,1,29.056585764481092
6.512662762170198,37.81944154690664,1.2273227384202152,7.409399937655554,0,8.428856683814345
8.005929659773294,41.44961127268722,19.265155409260842,3.6585332743465404,1,19.239693296358375
8.788127967382756,27.65049345483697,17.198604565070088,6.74175190922211,0,19.145055843394353
7.670288679041789,42.24028964545245,1.4567177304212513,5.960470883886974,0,9.932705280060771
7.7148380684096995,43.455143810267884,6.656235750525256,8.50401302048181,0,12.585923557354267
6.839937280980853,34.74123837637872,20.975312408472444,4.711257625827198,0,18.695580941413247
8.308478799575811,37.12505875501955,24.896796930148607,2.4631563218410832,1,22.418573024565276
6.56113124567257,40.29619601805991,20.51234248911602,2.13408839885877,1,18.129528739365092
6.971037709212731,28.496772545208252,26.781415081398645,7.788009926809272,0,21.755952791754602
7.27630931584925,35.05132152926885,29.959017907831235,5.6731494636300255,0,23.71108013293472
7.522831136053365,32.97326055544626,0.9912291458278637,7.426708362844645,0,9.52301193617797
6.727229197245241,27.92747984324498,23.472710392948443,3.640979200080603,0,19.80903023316851
6.344510474217611,32.35068844583063,48.19321242393562,4.415586218592637,0,31.710018781028943
7.831860127324898,26.363446187709872,26.192097866412663,2.210727105479233,0,22.494281085996207
6.865891659720767,25.51623813898974,34.03834223921818,8.730446272018785,0,25.25824111127401
7.743714664267837,27.703325783096457,15.937260966885718,6.675075346905694,0,17.261088080564264
6.463088145822607,44.26230223178348,38.812573218561745,8.532435614315144,0,27.161992384268
7.4434203055644526,35.99059071790034,38.759613352867696,3.858474852003506,1,28.31191104311119
7.597768297654758,44.3164432230644,26.304154358879877,6.280245278579626,0,22.269399136625648
6.1554706104672805,33.64995756660264,48.81268425232107,6.749499778048465,0,31.79290685872127
7.009812834581762,31.23632266170519,6.714735630751342,4.222847901803119,0,11.769143216873784
6.403244030816923,35.122837256804885,1.3389094120342593,7.9367646451094105,0,8.353347542997437
6.1901249114183035,33.790233772658205,38.62283148197625,8.630130240301735,0,26.739565634690088
8.969880697169835,27.11329368523488,40.454199099561684,8.19398582387203,0,30.990956386384646
6.967061534924169,37.816526293804124,6.450257841468524,7.173468831575608,0,11.585602762643264
8.429623337563905,29.320763650191992,13.646350231451,3.9422527580746785,0,16.938723120802187
6.763921964291292,37.391759097956594,1.368841986648131,3.9713122947394224,1,8.801127350473616
8.044508166671788,38.00402184796307,15.018776233637952,8.743522243122266,0,17.16279791682512
8.28068357966906,28.04049706257296,38.77052275897424,2.071991471549844,0,29.32208167508999
7.786916221823533,26.226992542213363,26.139046121772658,7.012349812695011,0,22.41382252707457
7.414728565650475,40.6152317213688,17.73073186183026,6.943723137886836,0,17.763040209695703
7.235522742441805,34.19600847538641,18.901095097863347,6.358826786648582,0,18.133174839861837
7.046604799628986,26.163275910109515,0.5670044729156736,8.93076192260806,0,8.739427996012619
8.788587432743478,44.89732634339534,15.340126114479176,4.183156050346076,1,18.216367976531764
8.491858223363188,26.155611219927334,32.49970771107756,4.3798030465527376,0,26.440083723574606
8.895080731999538,38.90070457717106,48.72262496890968,2.552575820625889,1,35.03540936285428
6.372891670456634,44.67357850526827,42.42951093570303,5.099586955806162,0,28.862225472399473
8.192602425610932,29.783602084318513,1.6679507499536919,3.8273396836439364,0,10.665098285709965
8.815021370463114,27.844987373743923,44.97874993140455,4.403706915243509,0,33.06740061025801
6.543699198496981,27.427698788448577,39.26832145828198,7.842002531789394,0,27.486599767337367
6.1994888021003325,31.06550295135191,39.12861811676353,8.54839159469247,0,27.003695620902164
8.223361947870178,27.020916220212932,23.170790070676787,3.3001315040362993,0,21.453429372782608
7.723419339539736,38.84322683388264,20.20126200124789,4.607562520874261,0,19.36873420807163
8.525486330274816,26.245835962601255,15.494328577243035,8.500413934807758,0,17.9777478849513
6.419317129878868,35.188442562995796,3.751895518241106,2.432659224824558,1,9.579128314975193
8.385801935579671,44.93393707705954,11.797650492938105,2.6465236967796497,1,15.96178756916466
6.604881960143233,41.279405390120374,12.70687993141222,3.1395369244436058,1,14.279298317877988
6.490967828597114,37.304388764620214,24.46181495065498,6.166489838888124,0,20.020068869644028
6.492797393792979,31.125072415732234,37.498498126536354,3.0533058970419824,0,26.54060593581975
8.443724160694146,37.47791672583277,23.953586505698357,8.776534670155135,0,22.109262245682153
7.9955916620886,35.54082927823303,3.36330024763445,5.127001690809642,0,11.276360118323543
7.569196274307358,33.52166767780743,47.910595148916094,5.510625722451165,0,33.038333103626876
7.076491452370508,27.614207534803988,47.16485379515856,3.726610310637845,0,32.074216640423884
8.631601622439325,42.732084304809334,39.36688238584622,5.296721767043135,0,30.041363139850297
7.177335322267906,33.995692976426454,49.57073112742892,6.633395428459081,0,33.39816795043595
8.449798318414732,28.8924502364153,27.451875473613015,7.258239958678299,0,23.865695718904185
7.317404725710656,32.355187017545795,48.1570333375337,7.277076578969391,0,32.859402339619635
7.130833288274722,33.28259505057854,4.2424495105291635,6.045237788858619,0,10.678224701194248
7.38803935700882,41.550757911337485,18.60119703893788,8.330518424957,0,18.166245747879522
6.904133622492426,39.67228761122804,11.65637276633491,7.721854931142766,0,14.113146730158366
8.242828140528754,40.386097872826795,10.193737664646367,7.2993368028903785,0,14.988262600957688
7.508161170277438,25.220625288572943,7.469745970187466,2.3892386517632245,0,12.744666389426659
6.696638085440452,33.323079963595234,31.309475257516834,2.0481457355375454,0,23.69070333128696
8.698723719823706,34.62688303270647,39.1754318594916,3.487130940368311,0,30.026184393534248
7.151673664119635,25.383845536461134,29.125770771307852,6.644665157394166,0,23.144893782597485
7.630658583341965,30.196264174900683,7.7746541246163785,4.878382422177821,0,13.044117362318548
8.71941633289364,40.2057964624427,40.65062661170681,4.816843815095182,0,30.788612905325774
7.872713987741976,27.74219411457998,31.97975800460456,8.192108217607295,0,25.437135787592652
6.350694122125092,35.70620262905183,19.71420245328628,8.268939936922871,0,17.47793417319325
8.819496370840426,29.30403744034475,33.86944962903512,8.3642268483751,0,27.518120459526067
7.883124159214254,25.242415492877864,13.365296472520226,4.197146535605191,0,16.14239722731722
7.004716843971258,29.82402915199083,17.58701432046342,6.837390689174832,0,17.19916737299722
6.417816217990162,44.517475098201075,45.91554923503352,3.9014322689205874,1,30.65915407910495
8.382075567810888,41.030742237659794,14.879973030735309,3.3342688315211486,1,17.49847719674072
7.860218267785541,44.19153288642067,23.76441927381786,3.2924272014315843,1,21.31447155825158
7.600383275928964,34.75708087852725,44.56198630110273,4.394753346045158,0,31.40145308166612
8.681677749152872,27.19472397355007,35.53220683824261,5.009703338458753,0,28.18411671810475
8.365791633673592,35.95918977947386,3.579059695152786,7.816644197385479,0,11.828479807984703
6.455024639198253,34.08754669119922,7.7915006918090315,2.8392376543089846,0,11.64177991294242
6.935166203386645,41.887141654792316,0.8881587432098825,7.144480931764259,0,8.766278815668915
6.745467419443397,26.961651615684893,31.730628616343587,5.720184399325138,0,23.95987521150387
8.231838877718031,34.76482274043556,22.659834557815707,4.015617398731948,0,21.208123932169492
6.100597304207338,28.000973293879685,7.146605119662639,5.449737091729772,0,10.894019324880125
7.70966905461395,31.4935185378012,47.917738992310134,4.099594488439159,0,33.21047236169181
8.287376057222072,39.747141547755994,26.718156335308183,6.172573686668142,0,23.30392943632058
8.63029691028525,34.52036258737533,12.473718058588014,5.036907459986709,0,16.593215321636308
7.026245246147722,32.51776570291538,25.279876772158023,3.150838703552151,0,21.07143268145628
8.46377191401604,32.8895255714007,34.141206470387836,2.816081521889877,0,27.227129532013166
6.331895210865621,34.18893536811973,4.2738412896914415,5.826869774504911,0,9.735194897884465
8.539356875203556,40.700330876741134,14.097838844870653,8.316891233002725,0,17.29614767267959
6.382465986995947,42.84169377880469,40.444791798757684,4.4077038059037985,1,27.88135508377398
7.191861871681102,44.10669373007856,23.25341108493173,7.131000750558362,0,20.256939788483187
8.391886097338661,40.7380677251059,27.5555685305986,6.610629484578369,0,23.848047582105693
6.449752282046322,31.308137914960255,21.92439210936873,8.520884400166366,0,18.70189879313995
6.687754185697925,38.762694121730846,2.6730471608287534,7.746867121093986,0,9.361828603251887
8.166757705179199,33.75206248110784,8.704614101097718,5.966236812338241,0,14.152416296763898
8.160109609638223,30.09341244092102,22.5543111177236,6.599213487638751,0,21.069287090427665
7.9234428986558925,41.81743158851845,10.854680537692428,8.288705266088243,0,14.935471747233285
8.0818453334013,25.7685269792465,2.9739619186540973,4.796631492108544,0,11.18519535940861
7.628173330042788,43.03523984270847,42.260658370565274,4.287562941004442,1,30.284137181333982
6.755397176720859,34.22954929249468,49.06903019362373,2.0756775854463743,0,32.640991708876896
7.0370879805117585,37.74402953616561,39.7605722628386,7.78585751934025,0,28.32479170803341
6.544793150404277,38.187078444115656,42.76235362438102,7.606864902823554,0,29.234928592675644
8.725351684000884,42.90235481413073,12.477867950693746,2.73118162670106,1,16.709355996147934
7.750175384298362,37.733393643344144,48.05103528790339,6.038001667928902,0,33.32572810510973
7.20255425029092,37.27867169520124,10.247822370444705,5.247871887168212,0,13.766976285571456
7.386017410932398,26.3330408112138,47.5957756129107,2.83096366856378,0,32.66110869957423
8.841850018835446,35.368160438904084,49.74355505131457,8.863977589425065,0,35.48199754825982
6.4600542093482405,28.003380016340834,35.73027888442941,3.502871212243488,0,25.617204493432595
7.758689496050392,39.74867537442971,49.06661472369518,2.470639260633928,1,33.84373475710806
7.517666036653398,35.24443841625349,28.69221908857163,6.163931656513367,0,23.36730878826989
7.834362706303944,38.604555584167066,13.34731826721647,7.172066739931228,0,16.074894381172967
6.054330551462521,25.833458012047686,22.131296340448234,2.2271041223303087,0,18.330844831979142
8.616371726832455,26.695840320916066,29.881266301249905,6.611023471089155,0,25.2802792228239
8.796354847450838,39.326467761253646,4.117537320337242,5.726043131660181,0,12.614394477109625
7.695399550767627,26.441686719973468,31.305991598553682,2.7228550621253387,0,24.887475260197995
8.089952471630678,26.42513455530517,49.06830291973358,3.2076671386245343,0,34.2420944258236
8.767498143531887,25.24216950469775,9.910328664294518,5.9758200812125635,0,15.476162104385523
8.121715902940196,44.1300279659896,39.73345825627497,4.074503294593018,1,29.61278821166572
6.457617128742784,39.75016718918014,45.44099029209116,8.568210100559213,0,30.46963570053692
7.728865080500439,32.06502817004128,47.21322884460093,7.731181606388356,0,32.88125251890099
7.8201451391485675,30.930711625753105,48.026712418069636,8.884970445595641,0,33.397530376013094
7.272392013907158,31.994064594916992,26.312252116712862,3.817695872652898,0,21.88299647504502
8.209332706874168,40.49307062362364,48.876741445579434,8.788065429585838,0,34.289569971038716
8.803101044307045,38.22741222140829,37.98685525315472,5.018637088540905,0,29.557148879745817
8.776705538720329,28.70391135734936,8.502736093729613,4.432631567196283,0,14.7834146933292
7.352518114212396,28.482186706681688,24.106555270164513,2.3524466887854727,0,20.876299372137133
6.339714137522265,26.967912994267948,36.0573931809142,2.3693568050172185,0,25.636353555483815
8.954523596887004,38.206054394026765,12.743345633044624,6.844078791626583,0,17.117101132786715
8.516694259337802,40.287453244434715,32.21045158566993,5.205502961038196,0,26.325258904040325
6.373988043609801,30.30092856650008,33.49672371280765,3.58565138225274,0,24.397147508735586
8.762525647852117,25.418899220618258,8.55363731852401,6.297792144276628,0,14.791849436684545
8.609689086186386,26.643433349528546,28.471722966411438,3.770006827750778,0,24.567488386629382
7.5565141713782165,44.357200696900605,38.69553209344108,6.043422280410958,0,28.4155830523744
7.7738263072347875,30.908895549548404,25.195335394529124,4.514461228878832,0,21.926259265946307
7.197008111610391,40.384462956762675,1.0991042804173174,7.764865586282733,0,9.185961874141128
6.164284916466094,37.49327137708528,0.9474042194249628,7.744873125367455,0,7.870844009471794
7.005591724937703,32.63879279305792,18.1729525265156,5.341452786856809,0,17.493186333183044
8.408560345794035,29.113745243911104,46.34660638737321,4.455733765345109,0,33.26357560863944
6.013896069013809,27.42772836318813,11.819500590378635,4.537918575913662,0,13.126425578005888
7.000497515073432,37.30025936077733,31.901002599148512,7.640001679677525,0,24.351098317662377
7.19450608077283,40.49267561275576,11.492755599319368,4.297256379583284,1,14.379785096587078
7.612186808813769,37.878085070822614,16.422664488147657,3.4634156159479224,1,17.345956414650352
8.759566849238281,35.606042664983164,42.478083435273454,2.592818393127148,1,31.750521936722663
7.0390379830978835,25.839024468632726,36.57864139236237,5.266851846190859,0,26.736166275898647
7.0408596056886825,44.36977555188768,5.222264227003926,5.374924692438893,0,11.060163640328382
8.212503744329245,40.97428383309149,21.720750038828463,7.88636097282035,0,20.715379512609324
7.356653822669422,30.856440734019294,1.9439033004405912,3.548670875122448,0,9.799936237423601
6.673814468819946,44.599406587177015,24.304062256848944,4.6669389156787995,0,20.160608491008407
7.35731854839808,37.037631792726444,33.29048357920287,7.658840172255837,0,25.47402404767913
6.4225710611394,36.648453164144925,6.365879868108502,7.765365275242814,0,10.89002520742153
6.52916095951867,39.96146358859065,14.7998044760037,4.692277531851378,0,15.234895389424253
7.4951033182184394,41.23539576180275,20.19291296235677,5.213868163006766,0,19.09058046304051
7.256776348513643,38.12957214663005,46.01678572047446,4.12300123594498,1,31.7165244784536
8.744537703204301,27.561914927324,49.66612326343672,8.527884148935184,0,35.32650687556352
7.0871816973499,31.765350119889966,2.7231093002829847,2.830506360191062,0,9.866172686961372
7.741765050834131,43.561672806520995,38.1698922130219,8.536245961010291,0,28.37506416751191
7.896792863758591,29.49231223687704,18.90034128691599,6.787065162847402,0,18.9263220799683
6.039283369765001,32.443340476750265,19.926680218359262,5.721005068807118,0,17.21048015289763
7.990612116050132,33.64153765888392,37.83611618067762,2.228613425491471,0,28.50679262959897
6.534107900609254,33.788099793889046,45.96210839119773,5.329173342754058,0,30.82198367632997
8.883210952408366,37.25879164989051,47.570965427876146,4.854236735019126,0,34.44533585682811
6.445988183259339,43.861516754894154,29.067568008896878,3.128531683825858,1,22.268969824359644
7.243872371181071,29.8138542366501,18.17749738537489,6.594867224504599,0,17.78139553810473
6.256049004235932,27.43002752601836,39.48367975000957,8.798056351578001,0,27.249098680087904
8.990622755537842,28.949409797198747,12.924568471483862,5.935321677451675,0,17.25103154238734
7.506585030993728,42.73849800418539,28.421664427259127,7.003272935107621,0,23.21873425082204
7.786155051960131,37.916216253104125,18.24963384548122,2.4791531679621173,1,18.468202985092766
6.201229432165283,30.7181357847832,33.003238148539864,4.923668970718963,0,23.94309439286827
8.249881411197533,41.318938779372345,12.399746188228592,2.814509396151471,1,16.099730787551337
6.629716779286757,42.22739992726872,9.983850813873875,6.289570848755573,0,12.947585542081047
8.694162868322142,41.93028677380556,45.95283479043414,8.569375107499082,0,33.40941283720364
6.615418921446022,43.378530672791086,5.539282306002076,6.632444127301469,0,10.708143858736264
6.572063161991,30.04482040346723,25.544916432879116,2.5376213382009505,0,20.65893401082876
6.109649003544285,40.10083857492557,11.432212756668942,4.48266343489558,1,13.047685182587614
7.416200835329998,34.2107899454828,2.4270331846205386,5.854643656085961,0,10.112957594706266
7.694523399787849,41.83997105780123,2.2829315054256063,4.822454292932766,0,10.374893832458222
6.197125918285057,39.569813543232264,9.173477719238454,7.835508073326206,0,12.023289961561295
8.326582850085032,40.52894892999449,43.405132548047014,7.702697032969924,0,31.694465694125547
7.359866504244083,38.12323675362143,14.48269782686282,6.28281714072255,0,16.07318871852431
7.57317080798274,28.548575389394138,47.54772894347714,4.614205615928936,0,32.86166944131786
7.322288240814684,35.900538377938766,29.29030350296508,3.787354616342709,1,23.43189764046016
7.202289182625978,44.69339479049016,22.11240239355392,2.7411202274919053,1,19.698948215928134
7.678920993924653,43.74776132994238,29.214397316138,4.4842837844058785,1,23.821903850778583
6.465720737792138,25.863474715940235,26.076570068700253,4.892207620454037,0,20.797149919700693
6.545784391485814,28.296296314588744,38.059424560987594,6.730760475728515,0,26.884653550276774
8.585356863040552,27.63457546909124,14.483555265656188,6.607118770083014,0,17.544205868476755
8.838346386400898,39.51959819970591,17.975994384214967,2.4907569774887985,1,19.594012855788563
7.119927948839258,41.355706597138905,44.75766797539591,4.766815208018104,0,30.922747526305066
6.812234019430662,29.270227326213437,47.34959740094507,3.2724520705215334,0,31.849479523789327
7.9319986297170475,35.11705385903658,44.681632260580486,3.0976889372176397,1,31.8592144859507
7.2262025132942895,41.814060560224,21.262675700887023,7.791115048160721,0,19.30278086639666
6.076159066981035,39.65603089532501,39.12809239884064,2.2934065170138025,1,26.85543707979756
6.468457792098571,35.84474410983697,24.078618798404392,4.93428013131485,0,19.80145874972048
8.147916686542192,36.806953809175454,25.12822268123206,3.1774255903656274,1,22.341611364466658
7.976771825730454,35.167210938325596,10.631665398335556,8.155311509749318,0,14.887958890044322
6.081287977510451,30.950969026376413,29.760950011296565,5.899283592925245,0,22.178020578660824
6.665916485798848,36.30043985718032,9.713726938790723,3.6196644546379364,1,12.85596325235398
6.6932243897642145,38.777706041001814,16.912452603826093,5.5169910101646344,0,16.488095569630104
8.015678230796185,42.46645831721615,42.82399498018679,7.120404517921811,0,31.030811367048816
6.059131613263093,37.72582707958496,10.750252555937333,8.706826062436036,0,12.646084213884377
6.312325745953721,40.22243074086316,4.022335116084925,3.5431220297179324,1,9.585958453186928
8.399748256119569,28.20143269909146,3.915875834334407,8.203272404905416,0,12.037635824510685
6.535633986163001,34.2311494883958,47.06883376490384,8.540128799172432,0,31.377177665847523
7.958238323555625,25.186632396541867,25.592561679110812,8.414943811724463,0,22.346166827822156
6.71454834314018,29.93357729043246,20.765897554942406,6.447900498033369,0,18.440406789239418
6.298324178278035,39.52923430226009,40.63848975989196,6.408744581042954,0,27.877233893879623
6.729516572998362,44.83619902698727,41.873383431570545,4.822474432286759,0,29.012111603383307
8.166800795566978,26.983561991744317,16.943456139222427,7.266785176126516,0,18.27188902429159
8.567089404318857,33.02988631722577,34.83409384495286,5.719058128456524,0,27.69755420765906
8.490659593700975,41.00141937398319,38.670579384668386,6.742066498598061,0,29.524081204775364
7.191550588855364,29.080712692577976,32.90520899986475,4.999205326941568,0,25.08246520655881
8.004255409711938,36.101698986045726,8.003956202604918,7.1204752483019735,0,13.607084592956785
6.614952886247463,39.661425920593494,43.85621263409432,7.771300623231843,0,29.866049780544117
6.879443190783039,37.31970900520358,27.18518036043243,3.025053796219713,1,21.847922009155862
8.68900745556336,28.760494692308324,14.482385105315183,7.830508009019596,0,17.668001499333624
6.039005770532208,32.107691373714786,21.54879517916585,5.78207572253215,0,18.021204514221573
6.2565255925634045,40.675835689707945,2.3597689747459154,7.91266136363157,0,8.687715198449043
6.623658765438082,36.08453028264033,6.829406660509669,5.019111944387102,0,11.363093848780533
6.079596611621459,25.104592270858255,38.39456415053511,4.653283397681245,0,26.492798009213306
6.544306305269392,40.219815200561875,0.5005759203906239,8.405425127620557,0,8.103455526518582
7.749124682909077,25.70622709880478,21.12000850987346,3.758184872838809,0,19.858953874427623
7.2642736517774935,39.914675654624645,26.364253963736626,7.909486277003001,0,21.899255364001306
8.678015133230925,29.04961120330475,3.2044037900481284,5.388144007565829,0,12.015820054901175
8.452330685215323,44.161469602387605,48.66736906713047,5.598668097858818,0,34.47648135582362
7.025452055093628,32.35881502604169,11.69320389685876,4.159277970426388,0,14.277144414541734
6.778270300293878,31.538632326761583,15.557836621995904,6.01129540433311,0,15.912842671350605
7.139077224501801,27.977761006648894,15.545154356623852,4.276478373933479,0,16.339469847714085
7.770884827544423,31.112084309804295,11.90562477480882,2.274885899691566,0,15.277874180457715
6.804190922468629,42.53301523656401,0.5729541932724151,3.9039902374104924,1,8.451506203598562
7.872446723547402,44.926686752544946,36.60256730735582,2.0446533038461348,1,27.74821972193479
7.228234956573721,32.36619061013697,48.35885224006463,8.848483509397997,0,32.85330806792078
7.6561415425559405,33.972212619090854,11.60252742260973,8.760230468738232,0,14.988633562371994
7.30837958740595,39.441418764054745,33.32083599426941,4.766087082306136,0,25.430473502021844
6.883397278625753,42.723915609301486,37.2238681844564,7.098595980377522,0,26.872010826579103
8.84535992088647,36.860886683735686,42.497056264980976,4.420642688872975,1,31.862960037554252
8.290817382479283,32.830513963556584,21.42014525217365,6.697652099601832,0,20.659053485061964
6.420339527299357,33.25243681697248,15.495079829201247,7.638010301321854,0,15.451947347359852
8.60540392769374,38.91236292993614,16.60210913414004,8.627293712845685,0,18.627539280302507
7.462293594748541,25.064365272085574,35.774755988376384,4.801485930947704,0,26.842130307886443
8.683656680682274,37.39178674919681,40.93058359202898,7.483085880692334,0,30.885679812833217
8.399565767841946,32.10986020882715,9.489891403951832,3.8614991544248314,0,14.82442462338625
7.2756405134077005,40.88394662554168,18.86157990380938,8.932326126555537,0,18.16155856799393
6.067407924960352,26.85981279646264,45.14603973908293,2.1803871913504578,0,29.853909379493885
6.806032078154838,36.76404533896781,40.431329224889595,6.224701645507847,0,28.382903106230604
7.624902643982601,34.619457797722475,49.25049093674255,6.61654187155929,0,33.775128641150395
7.900434659478442,37.84651051810455,37.835288854263,6.816318899518902,0,28.398166018505627
6.773663056299607,26.297071889659367,19.96316245088215,2.842713051523623,0,18.109976893000603
6.418068222218473,36.599675748562625,29.73657278273457,8.569708484311914,0,22.56996825802945
8.504790710397897,36.22969175919047,33.220205585242354,3.2682829533505795,1,26.815851645098654
8.953206542110657,36.21320188832342,4.383562907697636,6.359273822678888,0,12.935629304381607
7.5770705469080575,37.06975333192909,27.45259947564132,3.558732553861595,1,22.81878439411033
6.51503785754491,38.529358744527244,35.61138100939417,4.150514919148897,1,25.62373593375098
6.816921979558106,41.0997799936154,8.782404548052488,5.825209792096871,0,12.571508649495971
6.0551720296424,30.396414402564286,39.14127001256508,4.920353929952036,0,26.83684144185342
8.742896419681497,41.50098820360124,29.396752635448525,3.121579206835544,1,25.18985202134206
6.353253248670423,34.96511364526907,47.63497839203094,3.196554816945938,0,31.441393094419976
7.729549426542761,26.541165582686624,2.599903761241139,4.9270135171395975,0,10.575411192471883
6.822165662061618,26.171018584879583,13.633643808995615,7.300980847928505,0,15.003420698971748
7.6625340075473805,31.684766373921214,30.27691702534129,8.28575252793452,0,24.3334993217275
7.954261165055593,40.69793954222935,15.17971565419357,2.5888936358156798,1,17.134971225163497
8.489225411121605,39.15361869481831,35.86399612152649,4.7517273529158075,0,28.11906855410917
6.619263815281809,40.77229929344813,38.070761484835586,2.7017189460601365,1,26.978497320755963
6.0329874859754415,35.34538112883219,5.574540221290485,2.116147364428185,1,10.026855093815772
6.410656890206422,33.80397995910981,25.935795978235003,6.632030778507696,0,20.660686257365207
8.700055925544316,27.94905053412568,25.690082501757267,6.2171460937661145,0,23.28510836153181
8.621670232687546,31.56385507218623,18.77939812566928,3.1411337967042035,0,19.735703342059693
7.7922393065109254,33.680387323477504,46.67978069719877,3.6366898316514487,0,32.690577516412496
7.80155058130096,26.772008593592346,41.46156283372445,2.165954275511629,0,30.092642114423377
7.995110023638766,29.412239054224223,35.01186440452702,7.844630439860826,0,27.100064230630025
6.5261138358703485,36.964505881274775,35.85916846888238,8.82283417233986,0,25.760920837485607
8.74323583777488,39.713262284783795,23.354949118749396,2.9482167575628355,1,22.169357564704555
7.25631157467622,44.966950227858995,46.08922879428051,3.620326496357087,1,31.752188286751718
7.149415584748493,43.66226662687116,34.88247364903763,8.078866667628539,0,26.020535526217003
7.556753115848513,37.851303990703826,36.58456255196291,8.485246585693293,0,27.36038501499967
6.140897900325165,33.42496106588144,43.15369973747359,4.937391679647672,0,28.94592734912699
6.498850106268238,37.72354729416465,14.066543672438454,2.3543573058835188,1,14.831891963741112
8.214100849279111,40.71303236160464,40.4500097414018,2.275742835849736,1,30.081925889835833
6.24839600377538,27.366723818467747,10.164409846346356,6.017649062483073,0,12.580280127703633
7.809456328399165,33.19809779392577,17.59442663612195,4.750265762252253,0,18.168560912139974
6.736047329043963,41.79604571271234,17.112717486357212,2.200566993043582,1,16.63961553803136
7.167886842125929,32.67665903866088,48.93701068526246,6.082766746187898,0,33.06996955318235
6.8660812103121,36.43744542454373,42.89859257552238,2.079117756123157,1,29.68859374013571
7.067018149394848,36.755387217243964,35.207908148717856,7.511603707044911,0,26.084375853632743
8.157137715552736,28.689525062672786,36.48930969996181,4.1450297589236005,0,28.033220108644187
6.891365146869525,32.24470883304577,28.322603322927268,2.2818060210646247,0,22.430939837707065
7.699213920890692,31.690225774838645,47.380988021871694,6.1184655468820734,0,32.92955071600468
7.428151206597299,25.523934170641297,25.064808267676895,4.783790901031383,0,21.446185581755206
7.991013496087945,25.483835277827104,19.33562663855978,8.816602893500047,0,19.257029514585426
8.810489217974274,41.63394087351547,8.570249178113755,5.809390637525915,0,14.857711650626007
8.197716291630751,30.46141619945625,39.41717978692237,3.9266742672590578,0,29.545849443418085
6.64482113577227,35.36157532477631,36.854974637741776,6.9660720524378235,0,26.40127268179761
6.093549405183854,30.97451147177546,19.525574406944678,3.9004440177989794,0,17.075046489692962
6.786792132899476,43.813584902306815,1.7470739909818533,8.329703039852955,0,9.017687554970298
7.785233792100764,30.185935177315475,42.03036772204153,4.623053793551636,0,30.357464411541685
6.154277440452751,33.5931362547787,1.0651901809766449,5.8490799394334365,0,7.917728019031624
7.4890987416037085,42.45460500969204,35.333139091638024,2.354011726769602,1,26.653488035743464
7.790528546750668,41.838671335836175,48.52772693143982,4.982848665665616,0,33.612497721820716
7.002731672450882,28.722028356925545,22.16423574333607,7.826544777626965,0,19.485395878609094
8.312736611237465,41.052866195914206,12.131183547299662,7.6395416375433935,0,16.040875707134788
6.319794759401315,34.16373773475785,35.3911149971474,3.5702299119746836,0,25.279311209855276
6.225413345207427,34.65937744170711,40.94784302977146,3.5825534970739388,0,27.944417529134643
8.18456626861081,27.669599448318877,27.54830064585344,7.721137185492657,0,23.595629845259694
7.486473948618595,26.612030275142494,48.36824612517923,8.512788941185278,0,33.16789180093193
8.065207189283209,39.5587861394753,3.0576017220690748,2.667526448911025,1,11.207049488174388
7.304482015811239,34.92922304710599,25.487382116074144,5.150410475983577,0,21.509069477010556
6.73920609971732,33.73701405230359,36.06347039246623,4.362179952749603,0,26.118782515893898
8.457306953022599,39.590164573047936,43.20070332188436,8.094819188202075,0,31.7491200045693
8.398247636906937,40.3102579798222,9.373152789435608,2.5846744027601316,1,14.76447355900613
8.08408941256328,28.17816335338707,40.10017234730223,3.477881597906262,0,29.75099346872705
6.816435411689888,37.20450298955282,27.85900024806799,7.2672783631054605,0,22.10922261806186
7.770692000607261,27.70708164555371,20.12940725850318,2.3590569428685093,0,19.389534029980304
7.082921690820081,40.027501720580915,7.019893914665131,5.4477476650000245,0,12.009452986316663
6.274746219979902,38.13910312534279,43.33214006599116,5.09474924275804,0,29.19576549697146
8.751940726386728,44.13229242166916,8.28502380489591,4.34080825292124,1,14.644840774112028
6.410455892756884,26.379160327128425,15.834499030850413,4.762006207232466,0,15.609796586733466
8.850712061462406,26.141094423025088,14.857253832140625,5.70958410851163,0,18.0494813898252
7.338017318873867,30.643741493864002,43.634994692447286,3.1295715087186817,0,30.623118128872285
